-- phpMyAdmin SQL Dump
-- version 3.5.8.1deb1
-- http://www.phpmyadmin.net
--
-- Хост: localhost
-- Время создания: Авг 19 2014 г., 11:43
-- Версия сервера: 5.5.34-0ubuntu0.13.04.1
-- Версия PHP: 5.4.9-4ubuntu2.4

SET SQL_MODE="NO_AUTO_VALUE_ON_ZERO";
SET time_zone = "+00:00";


/*!40101 SET @OLD_CHARACTER_SET_CLIENT=@@CHARACTER_SET_CLIENT */;
/*!40101 SET @OLD_CHARACTER_SET_RESULTS=@@CHARACTER_SET_RESULTS */;
/*!40101 SET @OLD_COLLATION_CONNECTION=@@COLLATION_CONNECTION */;
/*!40101 SET NAMES utf8 */;

--
-- База данных: `firsorgu_agro`
--

-- --------------------------------------------------------

--
-- Структура таблицы `tbl_area`
--

CREATE TABLE IF NOT EXISTS `tbl_area` (
  `id` int(11) NOT NULL AUTO_INCREMENT,
  `_id` varchar(128) DEFAULT NULL,
  `address` text,
  `title` text,
  `permalink` text,
  `main` tinyint(1) NOT NULL DEFAULT '0',
  `path` longtext,
  `position` int(11) DEFAULT NULL,
  `status` tinyint(1) NOT NULL DEFAULT '1',
  `map_id` int(11) NOT NULL,
  PRIMARY KEY (`id`)
) ENGINE=InnoDB  DEFAULT CHARSET=utf8 AUTO_INCREMENT=6 ;

--
-- Дамп данных таблицы `tbl_area`
--

INSERT INTO `tbl_area` (`id`, `_id`, `address`, `title`, `permalink`, `main`, `path`, `position`, `status`, `map_id`) VALUES
(1, 'Волынская', '+38 (0332) 78-65-28', 'Волынская область', '', 1, 'm 326.94431,95.11029 c -0.0483,0.47412 -0.33301,2.26709 -0.13428,2.6499 0.66113,0.71387 9.09521,0.37012 9.90625,1.00586 -0.11377,0.28125 -1.78223,0.95948 -2.16895,1.24219 -1.75782,1.28369 -0.76514,3.16553 -0.24561,4.86328 0.1665,0.54492 0.60449,0.97901 0.51416,1.64258 -0.17236,1.26367 -1.86328,3.95459 -2.86279,4.76318 -0.73242,0.59278 -1.58447,1.11573 -2.28076,1.74512 -1.13476,1.02588 -1.94629,2.30371 -2.83984,3.52197 -2.31006,3.15088 -2.64551,3.2207 -2.99658,6.91113 -0.18603,1.95605 -0.27441,3.38818 -0.0674,5.5332 0.0513,2.29297 -0.14502,3.40772 2.42285,3.66797 0.53125,0.0537 1.34326,-0.0889 1.8042,-0.41406 0.48047,0.39844 0.0815,1.65039 0.55859,2.11328 0.51025,0.44043 1.49756,0.004 2.63867,0.97314 2.14892,3.85547 -3.44483,4.43896 -3.95801,7.68164 -0.45117,2.85303 1.31543,5.35743 1.36426,8.0835 0.022,1.20996 -0.46191,2.4668 -0.53711,3.68994 -0.0864,1.417 0.146,2.17139 0.20166,3.3877 0.0586,1.2876 -0.44873,2.83692 -0.69336,4.09229 -0.31591,1.62255 0.59815,3.83349 2.39307,4.05859 1.12597,-0.36573 1.0332,-2.37745 1.92285,-3.35352 1.44287,-0.89307 3.76611,-1.50782 5.41162,-0.87305 1.20117,0.46386 1.21631,0.94238 2.57129,0.47021 0.12354,-0.1206 1.11768,-1.07031 1.16309,-1.14062 0.36475,-0.56153 0.55176,-2.45362 1.87842,-2.04639 l 0.33594,0.23535 c -0.14502,2.03516 2.03808,2.24561 3.5332,2.0459 0.84668,-0.41943 2.07373,-1.79639 2.61621,-1.9458 l 0.33545,0.26807 c -0.10156,0.74121 -0.50097,1.5166 -0.76025,2.21387 -0.5752,1.54785 -1.55811,2.78418 -0.84961,4.50586 0.19336,0.46973 0.40772,1.05469 0.84961,1.36475 0.50732,0.35596 2.96826,1.09033 3.01904,1.71094 0.15821,1.93457 -0.11328,1.97071 1.29688,3.05225 1.33496,1.02392 2.53027,1.96093 3.55566,3.32031 0.2168,0.28809 0.46875,1.17774 0.87207,1.34229 l 3.86865,1.57764 c 0.23486,0.0957 0.57812,0.40429 0.83447,0.53613 0.49658,0.25537 1.01904,0.37402 1.51367,0.67041 0.56787,0.34082 0.91455,1.02636 1.38672,1.47607 0.87598,0.83496 1.83985,1.61621 2.75049,2.41553 0.79785,0.70069 0.44189,1.79883 0.37988,2.68311 -0.0312,0.44825 0.0586,1.00879 -0.022,1.44141 -0.43701,2.33496 -1.87646,2.78516 -3.91357,3.33301 -1.59717,0.4292 -3.39551,0.70117 -5.05371,0.59277 -0.18262,0.32227 -0.0225,0.97754 0.0147,1.30762 0.11182,1.01074 -0.18506,2.99609 -0.46045,4.0332 0.96435,0.23438 1.99219,0.72559 2.83789,1.23389 1.22022,-0.002 0.99219,-1.25146 3.62305,-1.37646 2.27246,1.1997 4.35595,4.11718 4.42773,6.74316 0.26611,0.26221 0.62012,0.54883 0.84961,0.83838 0.28614,0.36035 0.21338,1.79736 0.29102,2.31396 0.12305,0.82226 0.70166,2.38183 -0.35791,2.88574 -1.48291,0.0298 -3.22314,0.61328 -4.71826,0.73779 -0.66749,0.0557 -1.34815,0.0894 -2.0127,0.16797 -0.45215,0.0532 -0.93994,0.14307 -1.38672,0.23389 -0.57666,0.11719 -0.73242,0.39453 -1.06592,0.84961 -1.43652,1.9585 2.20801,2.40723 2.4751,3.84717 0.77051,0.31787 0.80713,0.76465 0.73047,1.52051 -0.0161,0.16016 -0.11768,1.36377 -0.21631,1.53174 -0.70801,1.20849 -2.71143,1.06103 -4.15967,3.82324 l 0.0225,0.50293 c 0.69971,1.40381 3.49854,1.48731 3.64502,2.61768 -0.31347,0.58594 -0.91796,1.57813 -1.47607,1.97803 -1.06494,-0.0195 -1.46777,-1.0039 -3.22021,-0.73779 -1.27442,0.19336 -1.96094,1.41602 -2.86963,2.21436 -0.80127,0.70362 -2.77685,1.27881 -3.2124,1.84473 -0.0317,0.041 -0.33643,0.73731 -0.35791,0.80518 -0.11328,0.35743 -0.042,0.80323 -0.007,1.16309 0.13476,1.4126 -0.40625,3.88476 -0.21631,5.07617 l 0.35791,2.24707 c 0.62159,3.90674 -0.93652,2.85156 -1.96777,5.60205 -0.45458,1.21191 -0.45605,2.88184 -0.62646,4.15918 -0.0254,0.18897 -0.44727,0.65674 -0.62598,0.71631 -1.85644,0.62012 -3.27685,-1.64453 -4.3833,-2.66113 -0.0586,-0.0542 -0.9585,-0.6709 -1.02881,-0.70508 -0.79053,-0.38233 -2.84424,-0.49463 -3.73438,-0.60303 -0.18995,-0.0234 -0.56299,-0.32812 -0.64893,-0.50439 l 0.35791,-0.8042 -0.0669,-0.43652 c -0.69971,-0.85351 -1.44532,-1.72753 -2.22852,-2.50439 -1.36719,-1.35547 -1.7544,-1.18555 -3.7417,-1.18555 -1.20117,0 -2.52148,-0.0962 -3.69043,0.26904 -0.58642,0.5752 -0.77881,1.46289 -1.40869,2.0459 -0.85742,0.32617 -1.81299,0.36914 -2.63867,0.6709 -0.49756,0.18213 -0.98926,0.54786 -1.47559,0.771 -0.7583,0.34766 -1.67627,0.65039 -2.48291,0.8833 -0.18017,0.0522 -0.61132,0.16602 -0.78271,0.32471 -0.54394,0.50341 -0.84863,1.14453 -1.05078,1.84521 l -0.4248,0.13379 c -3.37939,-1.01074 -5.65185,-0.69385 -8.05029,-3.65674 l -0.51416,-0.1001 -0.26855,0.30176 c 0.2041,1.01856 1.20166,2.31983 0.87207,3.2876 -0.34522,0.44678 -0.79688,0.72901 -1.31934,0.93848 -0.18115,0.18652 -0.25732,0.62842 -0.20117,0.87256 0.74365,1.38086 4.32812,2.07569 3.01904,3.42188 l -0.4248,0.1333 c -2.16211,-0.69873 -4.53662,-0.77002 -6.77588,-1.14014 -0.34375,-0.0571 -0.84179,0.47607 -0.93945,0.77148 -0.0259,0.90039 0.20019,0.94873 0.55908,1.57666 0.54492,0.95459 1.1333,1.93995 1.29736,3.05225 0.18603,1.26318 -0.13233,3.55176 -1.74463,3.85742 -2.05566,0.39013 -7.61914,-0.65137 -9.61621,-1.17383 -0.61768,-0.16113 -1.50391,-0.67822 -2.16846,-0.40234 -0.45752,0.28125 -1.44238,1.81836 -1.72217,2.31445 l 0.0225,0.36914 c 0.50342,0.95361 3.14795,2.08252 4.11426,3.32031 l 0.0898,0.46973 c -0.31054,0.93164 -0.98486,1.8833 -1.59521,2.63965 -2.59765,3.2168 -2.67529,0.37793 -4.62158,1.35254 l -0.15674,0.43555 c 0.13671,1.16065 3.38867,2.69824 4.27148,4.22754 l 2.01221,3.48779 c 0.37354,0.64649 1.92822,0.57569 2.63916,0.80518 l 0.33545,0.73779 -0.24609,2.14697 c -0.16651,1.45215 -2.59131,0.0894 -3.42139,0.60352 -0.8374,0.51807 -1.16162,1.60596 -1.58789,2.44922 -0.71386,1.41406 -4.79394,4.35401 -5.9707,5.33301 l -0.13574,0.46484 0,0 c 0.0874,-2.00635 0.98975,-4.94092 -1.06445,-6.28955 -0.32959,-0.21631 -0.61426,-0.42139 -1.03613,-0.34717 l -3.24268,0.57031 c -2.11426,0.37207 -2.85596,-3.69092 -5.38916,-3.18604 -0.53467,0.92334 0.48486,2.71533 -0.15674,3.79053 l -0.35791,0.20068 c -0.48926,0.0147 -2.16406,-0.21826 -2.52637,-0.40283 l -0.81982,-0.69336 c -1.13623,-0.96094 -2.22461,-1.08887 -3.67529,-0.78223 -0.50684,0.10693 -1.24609,0.3042 -1.72168,0.50293 -0.85596,0.35742 -3.16943,2.50684 -3.95801,2.17969 -0.8291,-0.34375 -1.66357,-0.72998 -2.50488,-1.03906 -0.88867,-0.32666 -2.81006,-0.55273 -2.68359,-1.91162 0.0884,-0.94873 0.32715,-1.49365 0.13428,-2.48242 -0.8457,-2.11572 -4.34375,-1.33643 -5.03174,-2.08008 -0.57568,-0.6333 0.31738,-1.32812 -0.4248,-2.54932 -1.21533,-0.40723 -3.93457,0.61816 -4.65137,-0.70459 -0.2373,-0.43848 -0.39209,-1.12939 -0.55859,-1.60986 -0.20312,-0.58447 -0.97998,-0.78125 -1.521,-0.60352 l -0.31299,0.26855 c -0.70215,1.59082 0.84277,3.00732 -1.50586,4.01367 -0.36475,0.15625 -1.29443,0.17627 -1.64697,-0.0889 -0.12305,-0.18506 -0.52539,-0.87793 -0.53711,-1.10791 -0.0381,-0.76514 1.0708,-2.62842 -0.58154,-3.65527 -1.0127,-0.62939 -3.38672,-1.79834 -3.71191,-3.11963 l 0.15625,-0.43604 c 0.10352,-0.0737 0.92627,-0.68408 0.98389,-0.70459 1.96924,-0.69287 4.54639,-0.15039 5.77002,-2.39355 0.42822,-0.78516 0.49268,-1.48291 0.13379,-2.33643 -0.35986,-0.85693 -1.20996,-1.62646 -1.79639,-2.31494 -0.62744,-0.73633 -1.16846,-1.25635 -2.10938,-1.53125 -1.85498,-0.54248 -1.82227,0.8999 -2.84766,0.92773 -0.77686,-0.15137 -3.74951,-2.5625 -4.04785,-3.2876 -0.13623,-0.95312 0.61328,-1.3877 0.64893,-2.17969 -0.15625,-0.87109 -4.08057,-3.29688 -5.21045,-2.6167 -0.60986,0.52832 -0.74512,1.6377 -1.49854,1.9458 -1.59082,0.65137 -2.12109,-0.13379 -4.18115,1.05029 -0.40869,0.23486 -0.90283,0.63672 -1.1416,1.06543 -0.70361,0.12842 -2.01025,-1.1084 -3.39893,-1.27734 -0.3916,-0.26074 -0.7251,-1.66602 -1.1626,-2.14746 -0.90625,-0.99756 -3.06787,-0.30176 -2.70557,-2.95117 -0.41064,-1.58984 -4.10254,-2.30371 -5.18506,0.76074 0,0 0.33449,0.53422 0.19581,-0.93306 -0.11182,-1.18701 -1.05615,-1.95801 -1.33984,-3.01123 -0.11621,-0.43066 0.005,-0.92139 -0.24805,-1.34619 -0.60498,-1.01367 -1.83838,-0.23389 -1.31689,-3.58691 0.27051,-0.3208 0.62109,-0.65381 0.60254,-1.10693 l -0.20068,-0.37207 c -0.82031,-0.45996 -1.57178,-0.0767 -2.36768,-0.30078 -1.48389,-0.41748 -2.81982,-2.53418 -2.68652,-4.05615 0.0498,-0.56689 0.45264,-1.12158 0.71436,-1.61182 0.0508,-0.25098 -0.0493,-0.69531 -0.24219,-0.87695 -1.27734,-0.69678 -1.66748,0.38574 -2.7749,-0.0972 -0.3208,-0.26807 -0.45068,-0.66699 -0.76172,-0.93896 -0.22021,-0.19287 -0.5166,-0.2666 -0.73779,-0.43408 -0.26172,-0.19775 -0.51465,-0.57959 -0.75537,-0.82324 -0.52246,-0.91357 -0.49219,-2.01807 -0.20312,-2.94336 0.13525,-0.43115 0.10303,-0.8418 0.2915,-1.26367 0.81201,-1.81689 2.60156,-1.34033 4.13281,-1.44336 1.18457,-0.0801 1.55469,-0.3457 2.70996,0.33643 0.24463,-0.10889 0.4917,-0.2627 0.69092,-0.44287 0.62402,-0.1333 1.31543,0.23926 1.96582,0.23926 0.92041,0 4.03906,-0.1792 4.62891,-0.90332 0.18604,-0.22852 0.2041,-0.5625 0.33691,-0.80615 0.33154,-0.60742 0.45068,-0.43262 0.51318,-1.23975 0.023,-0.29443 -0.02,-0.646 -0.21826,-0.87646 -1.01807,-0.4502 -1.98389,-0.56934 -2.95215,-1.16943 -0.58398,-0.36182 -0.65918,-1.06689 -1.30078,-1.37842 -1.44482,-0.70068 -3.03174,-0.60254 -4.3374,-1.77393 -1.2168,-1.0918 -1.18359,-2.07617 -2.86328,-3.25928 -0.30957,-0.21875 -0.77246,-0.59082 -0.93945,-0.86816 -0.14355,-0.23926 -0.16455,-0.49707 -0.354,-0.74365 -0.39355,-0.51221 -1.46094,-1.1875 -1.61182,-1.771 -0.2334,-0.90332 0.001,-1.99463 -0.20068,-2.95801 -0.40039,-0.36328 -0.64111,-0.8584 -1.02734,-1.20459 -0.72217,-0.64795 -1.63281,-1.0874 -2.42041,-1.64746 -0.32227,-0.26465 -0.67139,-0.52393 -0.80322,-0.90283 0.21533,-0.11182 0.44775,-0.35449 0.56104,-0.56689 l -0.0708,-0.44287 c -0.3125,-0.26465 -0.53467,-0.64404 -0.64404,-1.03613 l 0.15381,-0.43408 c 0.48145,-0.21777 0.64795,-1.19873 0.47217,-1.64746 -0.32568,-0.22998 -0.46436,-0.65869 -0.69678,-0.97412 -0.021,-0.39502 -0.0127,-2.18262 -0.11182,-2.38232 -0.85889,-0.55908 -1.24854,-0.58691 -1.91895,-1.00049 -0.17334,-0.23779 -0.23584,-0.48145 -0.36035,-0.73535 -0.28418,-0.58008 -0.85449,-1.15869 -1.07422,-1.74463 -0.34424,-0.9165 -0.62451,-2.2085 -0.53711,-3.18799 0.3623,-0.18506 0.73584,-0.37646 1.05078,-0.6377 0.33057,-2.16943 0.15576,-2.03467 -1.47607,-3.25928 -0.45215,-0.33887 -0.77783,-0.80176 -1.34033,-0.96533 -0.50439,-0.14648 -1.06201,0.0254 -1.52344,-0.20361 -0.67871,-0.33643 -0.55127,-1.30908 -1.09229,-1.74463 -2.03369,-0.55176 -1.37891,-1.20068 -2.37354,-1.70898 -0.40039,-0.20508 -0.90674,-0.15674 -1.25146,-0.50488 -0.35107,-0.35498 -0.42822,-0.95898 -0.8501,-1.27539 -0.33643,-0.25244 -0.89014,-0.21924 -1.13965,-0.56689 0.0557,-0.67725 0.4292,-1.19482 0.31348,-1.9126 -1.09814,-1.37988 -1.02441,0.042 -1.5293,-2.34717 -0.57812,-1.48584 -0.84277,-3.63623 -2.24951,-4.46338 -1.10596,-0.65039 -2.896,0.0142 -3.82568,-1.00977 -0.39111,-0.43018 -0.8916,-1.80615 -0.91553,-2.38232 -0.009,-0.21436 0.11084,-1.41748 0.17725,-1.61182 0.0835,-0.24561 0.2998,-0.49023 0.40723,-0.73486 0.37354,-0.84961 0.78174,-2.52393 1.51758,-3.11768 0.27637,-0.22266 1.58936,-0.78906 1.94824,-0.87646 l 0.15381,-0.43408 c -0.002,-0.69971 -0.7085,-1.27246 -0.62598,-2.10742 l 0.20068,-0.37207 1.09766,-0.60254 c 0.94629,-1.66113 -0.8457,-2.31299 -1.43457,-3.29443 -0.31445,-0.52393 0.15234,-1.17773 -0.53125,-1.63818 -1.00586,-0.67773 -1.09668,-0.15723 -2.14893,-1.34619 -0.22461,-1.37158 2.67285,-2.30518 1.18701,-4.35742 -1.23975,-0.68896 -2.84863,0.43018 -3.3125,-1.8418 -0.44141,-0.96289 -0.40283,-2.32227 -0.67334,-3.35693 l -4e-5,-8e-5 c 1.51074,-0.40479 1.97559,1.27832 3.02295,1.10742 l 0.31299,-0.26562 c 0.0444,-0.4707 0.17188,-1.74072 0.0884,-2.15234 -0.0947,-0.46875 -0.40918,-0.97314 -0.55859,-1.44043 -0.45703,-1.43359 -0.65674,-2.95068 -1.31885,-4.32471 -0.38965,-0.80908 -1.22559,-0.98682 -1.27539,-2.0459 -0.10156,-2.1875 2.82812,-4.09912 4.71777,-4.49854 1.24463,-0.26367 2.41455,-0.0718 3.64307,-0.26611 0.68311,-0.67627 2.41895,-1.14697 3.35889,-1.17773 2.37109,-0.0786 3.52539,1.60254 5.99268,1.74463 1.66357,0.0957 5.49023,-0.14648 6.66016,0.90332 0.75439,0.67676 1.87061,2.96045 2.14893,3.95898 0.0732,0.26172 0.0742,0.60352 0.22412,0.84082 0.22119,0.34961 0.73682,0.52832 1.09229,0.70898 2.38232,-0.15771 2.95264,-0.64453 4.87109,-1.74805 0.77295,-0.44434 1.55859,-0.82666 2.30859,-1.30762 1.23877,-0.79395 2.68555,-2.08691 3.7373,-3.11719 1.05908,-1.03809 1.86279,-2.39355 2.92822,-3.42773 0.73926,-0.7168 1.74707,-1.40527 2.5918,-1.97461 0.5791,-0.39014 1.31934,-0.62744 1.88379,-1.03613 0.65527,-0.47461 1.38428,-0.91406 2.00732,-1.41699 0.72314,-0.5835 1.44775,-1.29053 2.21436,-1.80664 1.53857,-1.03662 3.91504,-2.22168 4.56348,-4.05615 0.67285,-1.85156 0.45654,-2.3374 0.78516,-3.93213 0.0981,-0.47559 0.27881,-0.94385 0.35449,-1.43457 0.19189,-1.24902 0.16406,-2.23535 0.69629,-3.42773 0.41699,-0.93164 2.08789,-2.15918 2.85791,-2.91309 0.37256,-0.36523 0.68652,-0.88428 0.98633,-1.31104 0.79639,-1.13574 1.12598,-2.68994 2.43799,-3.39209 0.79346,-0.42432 5.79883,-0.18994 7.02002,-0.22998 1.35742,-0.04492 2.80859,-0.17285 4.1626,-0.30127 0.79639,-0.0752 1.56934,-0.39355 2.36719,-0.46924 2.53955,-0.24072 5.08691,-0.78857 7.65186,-0.7085 0.76514,0.02344 1.50977,0.09766 2.25537,0.27441 1.15674,0.27393 2.521,1.22705 3.68994,1.10693 1.98535,-0.2041 3.71729,-1.51025 5.70361,-1.64697 0.7627,-0.05273 1.33105,0.22656 2.0542,0.33643 0.74316,0.11279 1.51514,0.14502 2.26123,0.16846 1.42676,0.04395 4.021,-0.29102 5.34375,-0.8418 0.62598,-0.26025 1.42627,-0.58398 2.10156,-0.69922 1.19141,-0.20361 2.50732,0.20508 3.73779,-0.16846 1.43115,-0.43506 3.30859,-1.89941 4.8291,-2.45312 0.70459,-0.25635 1.47314,-0.39062 2.16699,-0.67334 0.96729,-0.39355 1.89062,-0.79492 2.91064,-1.07129 0.70215,-0.19043 1.54492,-0.31592 2.21387,-0.56689 0.44141,-0.16553 0.82471,-0.49756 1.28125,-0.64941 2.30029,-0.76611 1.61768,-0.21143 3.30078,0.4458 0.50879,-0.05029 1.04297,0.03271 1.52295,-0.16797 0.39941,-0.16797 1.15186,-0.68457 1.56494,-0.7002 1.3623,-0.0498 4.6123,1.94482 5.99219,2.47998 0.55371,0.21436 1.21582,0.40625 1.7417,0.67334 0.72021,0.36523 1.3252,0.81689 2.19629,0.86768 0.86865,0.05029 1.7666,-0.21191 2.6333,-0.13281 1.24512,0.11328 2.4624,0.66943 3.71387,0.7085 2.55908,0.07959 4.63965,-0.70508 7.46875,-0.16846 1.39893,0.26562 1.0522,0.26557 1.0522,0.26557 z', NULL, 1, 0),
(2, 'Крым', 'м. Джанкой', 'АР Крым', '', 0, 'm 1073.5337,787.05917 c -0.4922,0.91406 -0.7588,1.59766 -0.7324,2.65723 0.051,1.9375 1.0459,3.69629 1.2519,5.63281 0.036,0.33301 -0.056,0.66504 -0.047,0.99121 0.078,2.91309 0,6.88965 0.7012,9.6709 0.1816,0.375 1.4111,3.64355 1.5185,4.03809 0.1436,0.52441 0.2032,1.09082 0.4493,1.48828 0.5048,2.58398 0.5927,5.23242 1.2041,7.75781 0.1836,0.75781 1.333,3.27832 1.8183,3.86133 0.3916,0.46973 0.7881,0.95605 1.086,1.52344 0.375,0.71094 2.3808,6.53125 2.2441,6.87305 0.3945,1.13867 0.6201,2.30469 1.0859,3.43555 0.4512,1.0918 1.1114,2.05664 1.6065,3.11719 0.6357,1.36133 0.9736,2.89746 1.6064,4.25098 0.6426,1.37891 1.8838,2.42188 2.5743,3.82617 0.1709,0.34863 0.2382,0.75098 0.4004,1.09766 0.2763,0.59082 0.6738,1.11914 0.9453,1.70117 0.4443,0.95215 0.6875,2.02148 1.1328,2.97559 0.416,0.89062 1.0537,1.85156 1.583,2.69141 0.4668,0.74219 1.1142,1.37695 1.5586,2.12598 0.6699,1.12988 1.6826,2.92578 2.4326,3.93262 0.7256,0.97363 1.7256,1.99609 2.3144,3.0459 0.6036,1.0752 1.4112,2.88281 1.96,3.75488 0.7881,1.25293 2.5332,3.65234 3.0938,4.85352 0.625,1.33984 1.4804,2.74902 2.3378,3.9668 0.7422,1.05469 1.6006,1.99902 2.3389,3.04688 0.2168,0.30859 0.3135,0.70215 0.5186,1.02734 1.0693,1.69922 2.4345,4.41211 3.8496,5.73926 1.6924,1.58594 3.8857,3.6084 5.833,4.81738 0.6787,0.4209 1.6006,0.52832 2.1973,0.99219 0.4619,0.35938 0.7275,1.10156 1.0859,1.55859 0.8848,1.12891 2.3477,2.10352 3.6602,2.62109 1.2851,0.50781 5.3437,-0.64355 6.5898,-1.31055 0.5352,-0.28711 1.082,-0.65723 1.6289,-0.9209 0.6494,-0.31348 1.3906,-0.65234 2.0781,-0.88574 1.8711,-0.63379 7.5908,-1.37012 8.667,-2.9043 0.4092,-0.58203 0.5176,-1.48145 0.9444,-2.08984 0.3105,-0.44238 0.8593,-0.43848 0.9921,-1.09863 -0.072,-0.31641 -0.1259,-0.73242 -0.016,-1.03906 0.2852,-0.79395 0.9727,-0.9707 1.5742,-1.44141 0.7041,-0.54785 1.3223,-1.44629 1.7715,-2.19629 1.2598,-2.09766 1.2881,-6.07617 2.4326,-7.40332 0.9932,-1.15039 3.7706,-0.0166 3.9678,1.59473 -0.4961,0.98926 -1.0215,0.54492 -1.6533,0.9209 l -0.2129,0.31836 c 0,1.42871 0.3447,3.05273 1.3467,4.14453 1.1318,1.23535 2.6865,1.9248 4.0381,2.83398 0.7099,0.47754 1.2002,1.05957 1.8427,1.55957 1.4522,1.12891 5.502,2.00195 7.1553,0.99121 2.3008,-1.40527 3.0303,-6.95508 3.9678,-8.04199 0.1533,-0.17676 5.3262,-3.78418 5.5498,-3.86133 0.7285,-0.24609 1.5088,0.19922 2.2431,0.28418 1.7832,0.20508 2.2813,-0.31348 3.6602,-0.49609 1.126,-0.14844 2.2773,0.0254 3.4014,-0.0703 0.9541,-0.082 1.9033,-0.20215 2.8574,-0.2832 0.5625,-0.0488 1.1309,-0.35449 1.6768,-0.0713 l 0.1894,0.31836 c 0.1465,1.84082 -1.7441,1.37891 -1.4414,2.79883 l 0.2598,0.31836 c 1.7558,0.63867 2.1972,-2.34375 3.8964,-2.08984 1.9649,0.29492 1.9307,2.99512 6.1651,2.62207 0.3701,-0.0332 0.7012,-0.005 1.1094,-0.10645 0.4453,-0.21191 0.9726,-0.33203 1.4404,-0.49609 0.4648,-0.16211 0.9844,-0.40918 1.4648,-0.49609 1.502,-0.27344 2.8623,2.27441 3.7549,3.29492 0.2227,0.25391 0.5674,0.65723 0.874,0.81445 1.7744,0.91309 3.0186,-2.08984 4.3926,-2.08984 1.9024,0 2.1572,2.14062 2.8418,3.4248 0.3438,0.64551 0.9717,1.42871 1.1963,2.10059 0.037,0.11328 0.067,3.89648 0.023,4.07422 -0.095,0.38379 -0.5468,1.27344 -0.8974,1.48828 -0.8711,0.53223 -4.0684,0.43066 -4.9834,0 -0.6543,-0.30859 -1.2647,-0.91016 -1.96,-1.0625 -0.539,-0.11914 -2.5361,-0.17969 -3.0469,-0.0361 -0.5146,0.14453 -1.0156,0.56738 -1.3066,1.00391 -1.1787,1.76953 0.5996,3.05859 0.9297,4.09766 0.1035,0.32617 0.081,0.96875 -0.1426,1.23926 -0.9678,1.17676 -4.5322,0.0293 -5.1719,2.26758 -0.3144,1.10449 0.08,2.12695 -0.047,3.1875 -0.127,1.06738 -0.6895,1.82324 -0.9678,2.79883 -0.544,1.90527 -1.332,7.41992 -1.0156,9.31641 0.1689,1.01758 1.8838,4.22363 2.5263,5.1377 0.3946,0.55957 1.3311,1.44531 1.5352,2.08887 0.1631,0.51465 0.014,1.31836 -0.377,1.70117 -0.7128,0.69629 -1.8271,0.87207 -2.6933,1.27539 -0.961,0.44727 -3.4297,2.41309 -4.1797,2.44434 -0.2881,0.0117 -0.5703,-0.0937 -0.8496,-0.10645 -0.543,-0.0244 -1.0869,0.15234 -1.6543,0.10645 -1.4736,-0.12012 -3.7139,-0.58887 -5.124,-0.0234 -1.8448,0.73828 -1.4209,3.99414 -3.4483,4.16797 -0.7597,0.0654 -1.5195,-0.46094 -2.2431,-0.6377 -1.7383,-0.4248 -3.6133,-0.5459 -5.3379,-1.0625 -1.1895,-0.35742 -1.6992,-1.22266 -2.5977,-1.94922 -0.4971,-0.40137 -4.4228,-0.59375 -5.124,-0.42383 -2.5234,0.61035 -1.9277,4.53809 -3.8027,5.31348 -1.5791,0.65332 -2.8379,-1.08887 -4.2989,-1.02832 -0.5156,0.0215 -1.4902,0.77734 -1.9589,1.02832 -0.2481,0.13184 -4.2227,1.07422 -4.5352,1.0625 -0.5147,-0.0205 -1.3828,-0.24609 -1.7949,-0.56641 -0.4131,-0.32129 -0.5449,-0.91602 -0.708,-1.38281 -0.4219,-1.20605 -0.8633,-2.41602 -1.6065,-3.4707 -0.2246,-0.31934 -0.4746,-0.60449 -0.6611,-0.95605 -0.2373,-0.45215 -0.4092,-0.9209 -0.709,-1.34668 -0.4902,-0.69727 -1.3477,-0.94043 -2.0068,-1.41699 -0.7246,-0.52344 -1.418,-1.34668 -2.1729,-1.77148 -0.4834,-0.27148 -0.9678,-0.65137 -1.4639,-0.88574 -0.5449,-0.25684 -1.1386,-0.42383 -1.6533,-0.74414 -0.5791,-0.3584 -1.1211,-0.82715 -1.7002,-1.2041 -1.8867,-1.22559 -4.5879,-1.86621 -6.7783,-2.2666 -1.2793,-0.23438 -4.7363,-0.21094 -5.9043,0.21191 -0.7119,0.25879 -2.0059,1.53809 -2.668,2.05469 -0.4795,0.375 -1.082,0.64551 -1.582,0.99219 -2.5947,1.7959 -4.7715,2.99512 -5.6445,6.27051 -0.1397,0.52246 -0.3408,1.56641 -0.1416,2.08887 0.4677,1.23047 2.2392,1.16895 3.0703,2.09082 l 0.07,0.38965 c -0.6709,2.05664 -4.3477,-0.20898 -5.8096,1.98438 -1.4375,2.15527 0.7862,2.87793 0.5908,4.71094 -0.1191,0.22363 -0.3017,0.44141 -0.496,0.60156 l -0.5196,-0.10547 c -0.8095,-0.73535 -1.9765,-2.34277 -2.9765,-2.58594 -0.2598,0.1748 -1.3457,0.92969 -1.5586,0.99121 -0.8096,0.23535 -2.1905,-1.11133 -3.4717,-0.4248 -1.8457,0.98828 -1.5244,4.41797 -2.4795,5.27832 -1.1035,0.99316 -3.3867,0.0684 -6.0928,2.72754 -0.4423,0.34473 -0.8955,1.19922 -1.1338,1.70117 -0.415,0.87012 -0.7793,1.64355 -1.039,2.58496 -0.6885,2.49609 -0.8731,6.875 -3.4473,8.25391 -0.9453,0.50684 -2.3965,0.32227 -3.0469,-0.60156 -0.2119,-0.30078 -0.3486,-0.69824 -0.5664,-0.99219 -0.4111,-0.55371 -2.4717,-3.35254 -2.7871,-3.64844 -0.2685,-0.25195 -0.7764,-0.51953 -1.1338,-0.60254 -1.3408,-0.30957 -2.0869,-0.19043 -3.3535,0.17773 -0.5088,0.14746 -1.0586,0.0273 -1.5352,0.2832 -1.1904,0.6377 -1.1396,2.55078 -2.4794,2.93945 -1.7149,0.49805 -1.9502,-1.89648 -3.6602,-1.2041 l -0.1738,0.21191 c -0.3272,0.40234 -0.5723,0.99609 -1.0782,1.20508 -0.9492,0.39258 -1.6064,-0.38965 -2.4326,-0.6377 -1.3642,-0.40918 -2.9902,-0.19434 -4.3926,-0.0713 -1.538,0.13672 -2.5927,0.77148 -3.8261,1.59473 -0.4131,0.27539 -0.8877,0.47949 -1.2041,0.88574 -0.9239,1.1875 -1.6348,2.17676 -3.0469,2.83398 -1.0078,0.46875 -2.3867,0.38281 -3.4717,0.70898 -1.458,0.4375 -2.8818,1.0332 -4.3926,1.3457 -0.3193,0.0664 -0.7099,0.0176 -1.0146,0.10547 -1.2617,0.36621 -3.2324,2.12012 -4.3223,2.90527 -0.292,0.21094 -0.6582,0.30176 -0.9453,0.38965 -2.4102,0.35449 -3.8086,5.09082 -4.6523,6.9082 -0.6192,1.33691 -1.9258,2.33496 -2.4795,3.71875 -0.5791,1.44824 -0.9043,3.1582 -1.5821,4.53516 -0.4326,0.87793 -1.1455,1.63867 -1.4882,2.58594 -0.3565,0.98633 -0.584,3.2207 -0.9444,3.79004 -1.2363,1.95312 -3.7881,-0.33496 -5.1484,0.24805 -0.6641,0.28516 -1.374,3.53906 -1.7002,4.32227 -0.2354,0.56348 -0.5381,0.99707 -0.8272,1.52246 -0.9707,0.38477 -1.9111,-0.002 -2.8574,0.21289 -0.25,0.0566 -0.4707,0.23926 -0.708,0.31934 -0.3769,0.12695 -0.7441,0.0166 -1.0869,0.2832 -0.7813,0.61035 -1.3525,1.64844 -1.7793,2.52637 -0.5391,1.11328 -1.0459,2.53906 -1.834,3.49512 -0.5478,0.66602 -3.332,2.01666 -4.2031,2.30376 -0.6025,0.1973 -1.291,0.2031 -1.9131,0.3887 -0.376,0.1132 -0.6553,0.3701 -0.9922,0.5322 -0.3506,0.168 -0.9551,0.3281 -1.3467,0.46 -1.6357,2.2109 -1.4736,1.0527 -3.455,1.9013 -0.9229,0.3955 -1.7813,1.1436 -2.7325,1.4287 -0.2734,0.082 -0.5263,0.047 -0.8027,0.071 -0.4062,0.035 -0.8125,0.1416 -1.2275,0.1416 -2.57133,0 -4.68852,-2.0537 -7.15531,-2.3379 -1.7041,-0.1972 -2.73438,1.4942 -4.27539,1.5586 -0.23242,0.01 -0.55762,-0.091 -0.78711,-0.1416 -0.69141,-0.1562 -1.41309,-0.4785 -2.11719,-0.5322 -0.88867,-0.066 -1.91113,0.1953 -2.78711,-0.035 -0.27539,-0.072 -0.93359,-0.415 -1.15723,-0.6025 -0.85449,-0.7168 -1.12012,-1.9473 -2.21973,-2.5147 -0.95312,-0.4912 -3.07031,-0.5722 -3.7793,-1.31055 -0.87207,-0.91113 -0.1875,-1.62012 -0.25977,-2.51562 -0.004,-0.0537 -2.32422,-4.0293 -2.52637,-4.28613 l -1.15723,-1.02734 c -1.03516,-0.58301 -2.65625,1.12695 -3.56641,0.95703 -0.44141,-0.083 -6.24219,-3.36621 -6.58887,-3.71973 -0.4248,-0.43555 -0.76074,-0.99707 -1.22754,-1.41699 -1.9209,-1.72852 -5.02246,-4.04004 -5.88086,-6.58887 0.0176,-0.27832 0.13184,-0.60645 0.25977,-0.85059 1.52148,-0.17578 1.2334,0.78613 1.91309,1.27441 0.20703,0.0322 0.49707,-0.0107 0.68457,-0.10547 0.48438,-0.47852 0.75488,-1.16699 1.13379,-1.73633 0.37207,-0.18555 0.87012,-0.0547 1.27539,-0.0703 0.31934,-0.2373 0.30957,-0.73926 0.54297,-1.06348 0.7373,-0.0293 1.45605,0.13379 2.19629,0.0361 0.4043,-0.0537 0.69922,-0.2832 1.08691,-0.35449 0.27637,-0.0498 0.53027,-0.0352 0.80273,-0.1416 1,0.41992 1.70898,-0.0381 2.66797,-0.11816 1.00586,-0.084 3.12988,0.19141 3.7793,-0.76758 l -0.0947,-0.4248 c -1.74414,-1.57129 -3.65918,-0.34277 -4.20312,-2.33789 -0.3916,-1.43359 1.11328,-2.69531 1.72363,-3.82617 0.37695,-0.69922 0.98828,-2.9668 0.96777,-3.75488 -0.042,-1.66504 -1.14453,-3.00488 -1.41602,-4.56934 -0.17773,-1.01562 -0.0879,-2.07422 -0.28418,-3.08301 -0.11621,-0.59863 -0.56641,-1.30664 -0.61426,-1.87695 -0.0391,-0.47754 0.2207,-0.89258 0.40234,-1.31055 0.3125,-0.71973 0.62695,-1.47852 0.84961,-2.23242 0.29004,-0.97949 0.32715,-1.97949 0.80273,-2.9043 1.78516,-3.46582 3.34863,-1.34375 4.4873,-2.58594 0.74609,-0.81445 0.53418,-2.31738 0.68457,-3.29395 0.17188,-1.11816 0.79199,-2.19531 0.96875,-3.33008 0.26172,-1.67969 -0.81836,-7.69238 -1.48828,-9.36426 -0.30078,-0.75293 -0.63965,-1.33887 -1.03125,-2.04297 -0.0293,-0.0527 -0.10742,-0.14355 -0.0781,-0.21289 -1.0166,-0.64258 -0.50781,-3.80664 -0.66113,-4.95898 -0.10254,-0.7666 -0.55273,-3.4873 -0.73242,-4.14453 -0.53613,-1.9668 -2.61816,-4.10645 -4.15625,-5.34961 -0.42773,-0.34473 -0.70801,-0.77441 -1.2041,-1.0625 -0.7373,-0.42773 -1.74023,-0.53809 -2.3623,-1.09766 -0.69629,-0.62695 -3.81934,-3.70312 -4.43945,-4.00391 -0.44336,-0.28418 -0.80078,-0.67578 -1.27539,-0.91992 -1.16113,-0.59863 -2.79297,-0.55957 -3.85742,0.17676 -0.50098,0.34668 -0.80176,0.76758 -1.45605,0.9209 -0.71582,0.16797 -1.29102,-0.36426 -2.2207,0 -0.11914,0.26953 -0.30469,0.3877 -0.47266,0.60156 -0.6543,0.84277 -1.09277,1.90527 -2.4082,1.80762 -2.57812,-0.19336 -2.51172,-3.02148 -5.10156,-3.86133 -0.9209,-0.2998 -2.41602,0.0283 -3.11719,-0.60254 -1.04102,-0.93848 -2.03809,-1.97656 -2.9043,-3.08203 -0.43359,-0.55273 -0.90234,-1.34277 -1.41699,-1.80664 -1.18555,-1.06738 -2.21973,-2.52441 -3.21191,-3.79004 -0.58008,-0.73926 -5.08789,-4.81055 -5.83301,-5.24316 -1.00781,-0.58496 -2.17285,-1.19727 -3.04688,-1.98438 -0.86816,-0.78027 -1.6748,-1.61816 -2.62207,-2.30176 -0.29688,-0.21484 -5.80566,-1.93555 -6.35156,-2.01953 -0.67773,-0.10352 -1.63477,-0.18945 -2.31445,-0.10547 -1.33105,0.16113 -2.85645,0.78711 -4.01562,0.74316 -1.18945,-0.0449 -3.4834,-0.72461 -4.53418,-0.1416 -0.50684,0.28125 -0.7998,0.72168 -1.23535,1.07422 -0.90527,0.73047 -1.78711,1.13086 -2.56738,2.07812 -0.42871,0.52246 -0.56348,1.33984 -1.0625,1.80664 -0.23535,0.2207 -0.7168,0.41211 -1.03906,0.4248 -1.16895,0.0498 -1.43848,-0.70801 -2.31348,-0.99121 -1.29492,-0.41992 -2.28711,0.34961 -3.49609,0.0703 -1.3418,-0.30859 -1.41406,-0.86523 -2.38477,-1.59375 -0.90625,-0.67969 -1.99707,-0.83203 -3.1416,-0.99219 -1.37207,-1.07422 -0.35645,-3.0293 -0.89746,-4.38086 -0.2627,-0.6582 -1.42383,-1.86621 -1.39258,-2.45508 0.0156,-0.32422 0.36035,-0.99902 0.47168,-1.34668 0.14648,-0.45605 0.19629,-1.02832 0.40234,-1.45215 0.90039,-1.8584 2.66602,-4.53516 4.17969,-5.91602 1.46582,-1.33789 3.39258,-2.17676 5.00684,-3.29492 1.05469,-0.73047 1.7832,-1.79492 2.92773,-2.4082 1.43066,-0.7666 3.46387,-0.35449 5.31445,-1.38184 2.19434,-1.21973 2.12891,-3.63184 3.37695,-4.46387 1.33203,-0.8877 4.79004,1.90234 6.06934,0.56641 1.9375,-2.02148 -1.11816,-2.53027 -0.49609,-4.03711 0.18457,-0.44824 0.66504,-0.91895 0.99121,-1.27539 0.80176,-0.87402 1.92969,-1.53223 2.84277,-2.31445 1.65527,-1.41992 3.04688,-3.18164 5.02246,-4.24023 0.56836,-0.30469 1.1582,-0.47852 1.74805,-0.74316 1.96484,-0.88477 3.88086,-1.95605 5.78516,-2.94043 1.77734,-0.91992 3.74121,-1.55566 5.52637,-2.47949 1.55664,-0.80566 2.94531,-1.9375 4.4873,-2.7627 0.91992,-0.49316 2.09766,-0.35547 2.99902,-0.92188 1.19336,-1.6123 -2.65918,-1.87793 -1.81836,-4.49902 0.13574,-0.4209 0.20605,-0.82617 0.66113,-1.02637 0.84082,0.26562 0.52539,1.49609 0.94531,2.125 0.55566,0.83496 1.82031,0.79199 2.47949,1.52246 0.24512,0.27246 0.37207,0.73242 0.6377,0.99219 0.25781,0.25293 0.89648,0.4541 1.25098,0.4248 1.84473,-0.14844 9.99609,-5.23926 11.4541,-6.72949 0.88281,-0.9043 2.44727,-3.25586 3,-3.71973 0.34375,-0.28906 2.08105,-0.97363 2.52637,-0.95703 0.46582,0.0176 0.90039,0.16113 1.39355,0.1416 0.65625,-0.33496 0.41406,-1.18555 1.32227,-1.4873 1.27148,-0.17188 1.70898,2.29297 5.03027,1.16797 1.9834,-0.6709 1.06934,-1.92871 1.84277,-2.79785 0.4082,-0.45996 3.96777,-1.91309 4.60449,-1.91309 2.0332,0 2.1416,3.40527 4.5498,2.72754 0.25977,-0.0723 0.59863,-0.14355 0.78711,-0.35449 1.29297,-1.43262 -1.02051,-4.95117 0.0479,-6.02148 0.79004,-0.46094 1.56934,0.0703 2.07812,-0.21191 0.15918,-0.24609 0.36523,-0.31152 0.59082,-0.46191 1.90332,-1.26855 1.7832,-0.31152 3.61328,-0.63672 0.20898,-0.10156 0.44043,-0.41602 0.49609,-0.6377 -0.0225,-0.60059 -0.37793,-1.07422 -0.7793,-1.47656 -1.75781,-1.75781 -2.92188,-1.16602 -5.03125,-1.78223 -1.08984,-0.31934 -2.3623,-1.20703 -3.56543,-0.70898 -0.97656,0.4043 -1.20605,2.62793 -2.59863,2.23242 -1.2002,-1.13867 1.57227,-2.91016 1.67773,-3.96875 0.15234,-1.54785 -1.31934,-2.20898 -1.67773,-3.47168 0.47852,-1.3623 1.58301,-1.18164 1.91406,-1.9834 l 0.0234,-0.46094 c -0.20703,-0.62988 -1.61523,-0.94922 -1.70117,-2.5498 -0.0225,-0.42969 0.0107,-3.08789 0.11914,-3.36523 0.31641,-0.81543 1.39062,-0.80371 1.53418,-1.73633 0.25293,-1.64551 -1.53223,-3.6416 -2.14844,-5.06543 36.69669,5.80616 64.29239,17.29631 96.40279,-7.97069 z', NULL, 1, 0),
(3, 'Украина', '', '', NULL, 0, 'M391.914,509.631c1.107,8.09-6.557,4.086-10.975,6.887c-1.116-3.018-7.501-4.291-7.304,0.858c-1.119-0.497-1.306-0.557-2.198-0.858c-1.526,4.505-4.558,2.158-9.501,3.438c-3.71,0.961-4.865,3.179-7.311,5.17c-4.299,3.499-14.512,5.544-16.82-1.724c3.379-0.703,4.873-7.434,2.183-10.333c-1.405-1.514-3.978-0.131-5.846-0.858c-1.769-0.689-2.325-2.851-4.381-3.442c-5.425-1.559-10.05,2.37-5.121-3.445c2.49-2.938,7.554-3.434,9.501-6.887c3.121,1.537,8.021-1.434,7.319-4.3c-3.784,2.015-7.824-3.778-10.235,0c1.424,0.871,0.463-0.521,1.45,0.862c-6.417,0.737-28.553-2.858-27.772-8.608c3.206,6.914,4.864-2.49-0.748-4.308c-1.175-0.381-5.797,0.566-6.555,0.859c-4.68,1.808-2.345,1.045-5.136,4.308c-5.743,6.715-13.466,11.455-19.003,18.074c1.871,1.3,1.867,3.678,0.725,6.029c-0.483,0-0.967,0-1.45,0c3.084-8.449-13.002-1.36-15.362-2.583c-2.951,4.589-6.175,1.964-8.492-1.873c0.077-0.23,0.158-0.472,0.247-0.741c0.069-0.207,0.131-0.396,0.185-0.559c1.405,0.66,2.711,0.585,3.571-0.228c0.857-0.81,1.035-2.164,0.506-3.565c2.074-0.501,3.544-1.423,4.174-2.629c0.387-0.743,0.456-1.563,0.204-2.445c1.868-0.178,2.988-0.663,3.5-1.51c0.367-0.606,0.386-1.359,0.057-2.241c1.031-1.043,0.805-2.679,0.603-4.137c-0.183-1.319-0.355-2.566,0.281-3.294c0.419-0.479,1.218-0.749,2.378-0.803v2.067c0,0.173,0.089,0.334,0.237,0.425c0.148,0.092,0.331,0.1,0.486,0.022c1.719-0.856,3.068-0.407,4.373,0.027c1.394,0.466,2.831,0.945,4.234-0.58c1.613,1.518,4.263,1.998,8.079,1.46c0.247-0.035,0.43-0.246,0.43-0.495v-1.623c0-0.241-0.172-0.448-0.41-0.492c-1.014-0.186-1.392-0.432-1.83-0.717c-0.429-0.279-0.906-0.59-1.92-0.86c0.899-1.978,1.063-3.628,0.503-5.031c-0.98-2.456-3.947-3.511-6.569-4.439c0.068-0.348,0.288-0.93,0.42-1.278c0.108-0.286,0.212-0.564,0.289-0.806c0.048-0.151,0.021-0.317-0.073-0.446c-0.094-0.128-0.244-0.204-0.403-0.204h-0.824c0.617-0.799,0.573-1.689,0.521-2.735c-0.037-0.757-0.08-1.615,0.066-2.721c0.027-0.207-0.076-0.408-0.26-0.507c-0.183-0.098-0.409-0.073-0.565,0.065c-0.379,0.334-0.805,0.501-1.255,0.678c-0.452,0.178-0.916,0.36-1.342,0.709c-0.19-0.202-0.343-0.37-0.471-0.512c-0.794-0.876-0.889-0.906-2.464-1.418c-0.181-0.059-0.382-0.123-0.608-0.197c0.255-0.646,0.38-1.405,0.381-1.419c0.014-0.141-0.032-0.281-0.126-0.386c-0.095-0.105-0.229-0.165-0.371-0.165h-0.43c1.021-1.438,1.684-3.167,2.366-5.374c0.047-0.151,0.019-0.316-0.075-0.444s-0.244-0.203-0.402-0.203h-0.911c-0.104-2.093-3.167-4.53-6.444-5.998c-2.614-1.171-5.761-1.834-7.573-0.643c-0.058-0.319-0.155-0.496-0.313-0.626c-0.255-0.211-0.546-0.157-0.705-0.129c-0.05,0.01-0.093,0.018-0.134,0.02c0.259-0.281,0.466-0.648,0.513-1.572c0.007-0.146-0.049-0.287-0.154-0.388c-0.106-0.1-0.253-0.146-0.394-0.136c-3.408,0.335-5.048-0.976-6.639-2.242c-1.271-1.013-2.584-2.06-4.657-2.06c-1.18,0-2.546,0.147-3.992,0.304c-2.99,0.326-6.379,0.69-8.642-0.265c-0.154-0.065-0.331-0.048-0.471,0.044c-0.14,0.093-0.224,0.249-0.224,0.417v1.042c-0.622-0.146-1.197-0.171-1.758-0.193c-0.804-0.033-1.635-0.067-2.691-0.456c-0.21-0.08-0.447-0.007-0.579,0.177c-0.131,0.183-0.125,0.43,0.016,0.605c0.322,0.4,0.463,0.61,0.565,0.763c0.071,0.105,0.129,0.189,0.199,0.276c-1.651,0.242-1.998,0.505-2.167,1.288c-0.052,0.243-0.137,0.549-0.555,1.003c-0.317,0.037-0.632,0.073-0.97,0.137c-5.984,1.139-5.433,5.105-11.692,6.025c-2.986,0.439-4.188-0.354-7.319,0.862c-2.703,1.05-4.113,3.047-5.846,3.446c-4.019,0.925-3.432-0.331-6.586-1.725c-2.225-0.984-3.812-1.245-5.846-1.72c-4.303-1.006-9.196-0.484-15.362-1.721c-0.683-0.137-5.467-2.579-5.846-2.579c-1.951,0-3.556,2.814-5.845,3.438c-0.021-2.326-9.808-8.493-13.165-9.463c0.654-4.205,5.082-10.172,7.319-13.778c-0.737-0.192-1.419-0.412-2.079-0.643c0.417-5.846,4.432-9.64,7.718-12.731c0.497-0.468,0.978-0.921,1.429-1.362c1.448-1.421,3.646-2.716,5.973-4.087c4.05-2.386,8.237-4.853,9.118-8.412c0.358-1.445,0.128-2.98-0.682-4.574h2.053c0.236,0,0.439-0.165,0.489-0.396s-0.069-0.465-0.284-0.561c-2.401-1.076-6.909-6.476-7.374-9.354c-0.086-0.531-0.018-0.903,0.204-1.105c0.184-0.169,0.215-0.448,0.073-0.653c-1.074-1.554-1.403-2.744-0.977-3.536c0.939-1.752,5.497-1.665,7.687-1.619c0.348,0.007,0.658,0.013,0.919,0.013c1.812,0,2.388-1.078,2.897-2.029c0.626-1.171,1.218-2.277,4.052-2.277c2.94,0,5.053-0.639,6.75-1.151c0.93-0.281,1.733-0.523,2.419-0.571c5.347-0.366,11.949,0.633,17.773,1.517c3.787,0.575,7.057,1.071,9.275,1.071c1.278,0,4.921,1.337,7.581,2.313c1.564,0.574,2.799,1.027,3.3,1.12c0.441,0.083,1.052,0.167,1.769,0.265c1.885,0.258,4.421,0.604,6.514,1.287c-0.118,0.386-0.263,0.608-0.384,0.797c-0.089,0.138-0.173,0.268-0.231,0.427c-0.083,0.226,0.007,0.479,0.213,0.602c0.207,0.121,0.471,0.082,0.63-0.098c1.243-1.401,5.832-2.771,8.812-2.246c0.766,0.134,1.745,0.457,2.057,1.24c0.052,0.131,0.157,0.233,0.289,0.282c0.132,0.051,0.28,0.042,0.404-0.023c1.172-0.601,2.408-0.695,3.482-0.268c1.089,0.435,1.926,1.348,2.355,2.572c0.077,0.221,0.292,0.363,0.53,0.331c0.232-0.027,0.415-0.212,0.439-0.445c0.266-2.594,2.578-3.73,4.664-3.65c2.197,0.063,4.473,1.475,4.607,4.483c0.008,0.17,0.102,0.325,0.25,0.411c0.149,0.085,0.33,0.09,0.481,0.01c3.065-1.596,7.932-3.066,11.366-2.535c0.899,0.138,1.859,0.037,2.787-0.061c1.057-0.111,2.057-0.219,2.921,0.013c0.236,0.479,0.462,2.483,0.481,2.995c0,0.036,0.003,0.073,0.011,0.11c0.04,0.186,0.179,0.332,0.362,0.38l0.75,0.202c1.899,0.518,2.946,0.804,4.713-0.257c0.124-0.074,0.209-0.199,0.235-0.341c0.025-0.143-0.012-0.289-0.103-0.401c-0.565-0.702-0.569-1.373-0.571-1.863c-0.001-0.268-0.003-0.499-0.092-0.705c-0.028-0.065-0.07-0.124-0.123-0.172c-0.941-0.854-1.237-2.051-0.88-3.555c0.814-3.433,4.855-7.475,8.477-8.48c1.207-0.337,2.905-0.468,4.15,0.803c0.123,0.127,0.303,0.178,0.477,0.136c0.172-0.042,0.308-0.172,0.359-0.341c0.826-2.729,4.076-2.227,8.94-1.149c2.881,0.64,5.602,1.24,7.546,0.623c0.764-0.243,0.892-1.122,1.015-1.971c0.091-0.626,0.194-1.335,0.526-1.498c1.103-0.542,2.055-1.011,5.031-1.691c1.962-0.448,8.602-0.841,11.575-0.841c5.496,0,11.179,0,14.243,4.103c0.169,0.227,0.415,1.343,0.594,2.158c0.244,1.107,0.496,2.252,0.823,2.921c0.054,0.11,0.122,0.178,0.494,0.547c3.28,3.251,3.191,4.091,3.086,4.271c-0.043,0.07-0.531,0.676-4.459-0.446c-0.249-0.076-0.505,0.056-0.601,0.293c-0.096,0.237,0.002,0.508,0.228,0.629c1.563,0.835,2.221,2.292,2.498,3.367c0.426,1.654,0.226,3.513-0.498,4.625c-0.117,0.181-0.105,0.417,0.029,0.585c0.136,0.169,0.363,0.233,0.565,0.156c2.241-0.835,4.636-0.49,7.171-0.126c2.272,0.326,4.828,0.694,7.592,0.242c0.417,2.277,2.005,2.787,3.081,3.132c0.931,0.299,1.232,0.439,1.232,0.965c0,1.409,0.15,1.906,0.323,2.482c0.144,0.477,0.306,1.016,0.411,2.341c0.057,0.723,0.552,4.718,1.535,6.259c1.211,1.896,1.983,2.687,2.753,2.819c0.671,0.12,1.158-0.267,1.677-0.671c0.687-0.534,1.546-1.195,3.221-1.064c2.818,0.226,11.347,3.529,12.033,4.896c0.084,0.169,0.25,0.238,0.447,0.276c0.187,0,0.357-0.104,0.443-0.27c1.079-2.072,5.269-2.868,8.965-3.57c1.92-0.365,3.744-0.711,5.073-1.219c0.529,0.757,1.026,1.615,1.547,2.519c1.683,2.909,3.589,6.208,7.314,6.833c2.056,0.346,3.187-0.011,4.277-0.355c0.695-0.219,1.414-0.445,2.419-0.501c0.915-0.04,1.566,0.285,2.271,0.639c1.027,0.519,2.185,1.099,4.028,0.379c0.778,1.632,1.563,2.298,2.616,3.19c0.292,0.248,0.608,0.516,0.955,0.832c0.183,0.168,0.462,0.176,0.654,0.018c2.614-2.145,5.729-0.704,9.024,0.823c0.721,0.334,1.444,0.67,2.166,0.969c0.963,0.399,2.467,0.69,4.06,1c1.542,0.299,4.75,0.921,4.85,1.494c0.009,0.053-0.122,0.346-0.928,0.824c-0.132,0.078-0.221,0.212-0.24,0.363c-0.021,0.151,0.029,0.304,0.136,0.414c1.758,1.82,2.193,4.477,1.083,6.609c-1.211,2.325-3.91,3.401-7.231,2.874c-0.234-0.035-0.447,0.086-0.537,0.295c-0.091,0.21-0.028,0.454,0.152,0.594c0.783,0.609,0.945,0.895,1.17,1.289c0.182,0.32,0.408,0.72,0.954,1.33c0.159,0.178,0.42,0.219,0.624,0.1c0.971-0.565,1.333-0.514,1.824-0.443c0.425,0.059,0.932,0.13,1.769-0.115c-0.121,1.034-0.433,1.709-0.917,1.968c-0.727,0.393-1.849-0.132-2.662-0.64c-0.207-0.131-0.477-0.09-0.64,0.093c-0.922,1.044-1.984,3.541-2.295,4.587c-0.04,0.136-0.021,0.282,0.053,0.402c0.073,0.121,0.194,0.205,0.333,0.231c2.061,0.392,3.279,1.834,3.539,3.008c0.189,0.855-0.098,1.608-0.808,2.119c-0.163,0.117-0.24,0.32-0.195,0.517c0.044,0.195,0.2,0.346,0.397,0.382c1.236,0.225,1.99,0.588,2.122,1.021c0.233,0.765-1.185,2.147-2.22,3.157c-0.329,0.321-0.646,0.631-0.916,0.919c-0.137,0.146-0.174,0.358-0.094,0.542c0.448,1.025,0.472,1.784,0.072,2.321c-1.394,1.879-7.527,1.146-11.19,0.706c-1.335-0.16-2.389-0.286-3.057-0.286c-1.29,0-2.804,1.423-4.269,2.798c-0.688,0.647-1.34,1.259-1.844,1.593c-1.312,0.866-2.313,1.272-3.119,1.598c-2.113,0.854-2.884,1.371-3.684,5.709c-0.039,0.212,0.063,0.426,0.252,0.529c0.197,0.109,0.39,0.52,0.445,1.205c-3.714-5.11-11.786,2.311-14.275,3.985c0.139-1.668,0.464-0.081,0.732-1.72c-6.007,0.412-5.549,5.174-10.249,6.02c0.35-1.269,0.661-0.836,0.74-2.579c-7.359-0.143-6.338,5.671-11.699,6.024c0.959-0.868,1.377-2.4,2.183-3.445c-12.926-1.038-12.709,11.411-21.919,12.053c1.52-2.836,7.458-4.18,4.38-6.886c-1.342,4.059-4.936,1.685-5.846,6.886c-0.352,2.012,2.563,7.186,3.656,8.608c2.394,3.112,10.596,10.969,12.424,2.58c0.486,0,0.972,0,1.458,0c0.637,2.343,1.11,1.156,2.206,2.583c0.936-2.524,4.44-3.099,7.395-2.347C391.608,507.202,392.057,509.846,391.914,509.631z', NULL, 1, 1),
(4, '', '', '', NULL, 0, 'M248.879,504.407c-0.137,0.046-0.248,0.147-0.304,0.28c-0.049,0.114-0.183,0.516-0.355,1.034c-1.486-2.811-2.473-5.922-2.552-7.285c-0.478-8.237,3.503-12.442,0.74-18.932c-3.835-9.009-11.879-14.523-16.82-23.24c-1.95-3.441-3.841-7.988-9.427-7.97c0.147-0.288,0.198-0.524,0.238-0.71c0.052-0.241,0.081-0.374,2.33-0.636c0.196-0.023,0.359-0.158,0.419-0.346s0.003-0.393-0.143-0.524c-0.267-0.238-0.422-0.384-0.526-0.493c0.572,0.095,1.083,0.115,1.558,0.135c0.742,0.03,1.383,0.057,2.122,0.337c0.153,0.057,0.325,0.036,0.461-0.057c0.135-0.093,0.216-0.247,0.216-0.411v-1.007c2.434,0.739,5.611,0.394,8.444,0.089c1.419-0.154,2.759-0.299,3.885-0.299c1.723,0,2.793,0.854,4.034,1.842c1.574,1.252,3.353,2.666,6.743,2.501c-0.061,0.26-0.151,0.349-0.25,0.446c-0.116,0.113-0.274,0.27-0.386,0.547c-0.072,0.178-0.036,0.382,0.094,0.524c0.482,0.53,0.938,0.562,1.275,0.522c0.02,0.147,0.041,0.41,0.045,0.872c0.002,0.219,0.148,0.411,0.358,0.474c0.208,0.06,0.437-0.021,0.558-0.203c1.152-1.738,4.584-0.999,7.175,0.162c3.519,1.576,6.186,4.076,5.823,5.459c-0.04,0.15-0.007,0.31,0.087,0.433c0.095,0.122,0.241,0.194,0.396,0.194h0.776c-0.709,2.196-1.432,3.858-2.615,5.189c-0.131,0.147-0.163,0.357-0.083,0.537s0.259,0.295,0.456,0.295h0.826c-0.076,0.252-0.169,0.535-0.249,0.744c-0.051,0.018-0.099,0.043-0.142,0.076c-0.132,0.102-0.205,0.263-0.194,0.429c0.038,0.578,0.459,0.615,0.543,0.616c0.063,0.03,0.131-0.014,0.192-0.042c0.351,0.115,0.648,0.212,0.904,0.295c1.417,0.46,1.417,0.46,2.032,1.139c0.205,0.225,0.468,0.515,0.843,0.899c0.099,0.101,0.235,0.157,0.376,0.151s0.273-0.07,0.365-0.178c0.359-0.427,0.812-0.605,1.336-0.812c0.202-0.079,0.414-0.162,0.63-0.265c-0.036,0.726-0.006,1.341,0.021,1.867c0.071,1.434,0.1,2.026-1.149,2.755c-0.195,0.113-0.29,0.344-0.231,0.563c0.059,0.218,0.257,0.369,0.483,0.369h1.489c-0.013,0.034-0.026,0.068-0.039,0.104c-0.364,0.963-0.593,1.63-0.469,2.108c0.042,0.161,0.16,0.29,0.316,0.346l0.323,0.115c2.424,0.858,5.171,1.833,5.985,3.871c0.5,1.253,0.257,2.816-0.741,4.778c-0.07,0.139-0.072,0.303-0.005,0.443s0.197,0.241,0.35,0.272c1.271,0.263,1.721,0.556,2.197,0.865c0.425,0.277,0.864,0.563,1.785,0.778v0.777c-3.546,0.437-5.887-0.091-7.152-1.604c-0.098-0.117-0.239-0.177-0.399-0.179c-0.154,0.005-0.296,0.08-0.387,0.204c-1.089,1.483-1.992,1.184-3.488,0.684c-1.196-0.399-2.65-0.885-4.413-0.278v-1.826c0-0.275-0.223-0.499-0.498-0.5c-1.803-0.032-2.948,0.371-3.633,1.155c-0.937,1.071-0.724,2.605-0.519,4.09c0.199,1.437,0.387,2.794-0.509,3.456c-0.19,0.141-0.256,0.396-0.157,0.61c0.327,0.714,0.375,1.271,0.142,1.656c-0.374,0.617-1.507,0.979-3.368,1.078c-0.165,0.009-0.314,0.098-0.4,0.238c-0.086,0.141-0.097,0.314-0.03,0.465c0.375,0.839,0.396,1.589,0.063,2.229c-0.538,1.03-2.028,1.848-4.089,2.242c-0.155,0.03-0.287,0.131-0.355,0.273c-0.069,0.142-0.067,0.308,0.006,0.448c0.619,1.193,0.603,2.358-0.041,2.967c-0.625,0.59-1.713,0.52-2.909-0.189C249.166,504.379,249.016,504.362,248.879,504.407z', NULL, 1, 1),
(5, '', '', 'ПОЛЬЩА', NULL, 0, 'M144.653,430.302c-6.329-2.491-9.507-6.415-17.43-5.882c-5.884,0.396-12.933,2.526-18.278,0c-1.758,1.588-3.756,2.308-4.388,5.162c-1.599-1.6-2.967-1.705-5.846-0.862c0.526-1.294,0.279-2.385,0.733-4.3c-3.668,1.642-2.569-3.439-6.571-3.446c-2.702-0.004-4.496,3.534-7.319,4.308c-3.202-4.635-6.16-9.013-10.975-12.053c-4.384-2.768-8.278,0.456-13.164-4.304c2.286-1.129,0.737-0.886,2.198-2.583c-7.63,0.669-8.741-2.203-15.348-3.446c1.739,2.833,1.148,8.589-3.671,7.749c-0.824-0.144-7.135-6.715-8.037-7.749c6.914-0.95,1.289-2.951,0-3.438c-2.386-0.902-4.911-1.505-8.036-2.587c-7.982-2.763-8.983-5.699-16.087-2.579c2.616-3.49,4.146-6.836,2.19-11.191c-0.917-2.042-3.125-1.642-4.381-3.446c-0.707-1.016,1.018-3.213-2.198-4.3c4.788-6.307,0.421-6.65-0.732-12.049c-0.775-3.628,1.655-2.443-1.45-6.025c-1.297-1.496-3.577-2.982-5.854-3.445c-0.265-3.876,5.257-5.174,4.388-12.046c-0.372-2.943-2.114-3.779-2.206-6.029c-0.201-4.92-0.004-3.047,1.466-4.308c5.565-4.776,20.17-5.748,27.779-7.738c9.974-2.607,44.114-22.707,51.186-6.028c-1.907-1.414-3.119-1.953-5.839-2.579c3.438,5.917,4.935,8.084,15.355,6.879c5.204-0.602,12.034-0.342,18.27,0c12.034,0.66,27.459,2.418,39.411,0.288c3.087,1.26,11.819,5.004,14.281,6.282c-0.072,0.27-0.074,0.565-0.061,0.774c0.04,0.667,0.296,1.497,0.851,2.103c-0.592,0.329-1.002,0.699-1.175,1.115c-1.092,2.634,5.042,13.072,7.209,15.016c-0.267,1.268-0.056,2.769,0.148,4.224c0.27,1.919,0.524,3.731-0.311,4.692c-0.479,0.552-1.317,0.819-2.563,0.819c-2.578,0-8.512,3.127-8.911,5.582c-0.723,4.444,2.051,5.013,4.28,5.469c1.937,0.396,3.032,0.699,3.032,2.308c0,0.904-0.46,2.184-0.948,3.539c-0.848,2.358-1.726,4.797-0.722,6.48c0.204,0.342,0.498,0.619,0.842,0.859c-1.467,0.284-2.729,0.829-3.29,1.871c-0.583,1.086-0.305,2.52,0.826,4.265c-0.264,0.424-0.342,0.98-0.232,1.663c0.43,2.661,3.818,7.062,6.459,9.151h-1.211c-0.181,0-0.348,0.098-0.437,0.257c-0.088,0.158-0.084,0.352,0.011,0.506c1.02,1.652,1.344,3.147,0.992,4.571c-0.78,3.151-4.783,5.51-8.655,7.791c-2.381,1.402-4.63,2.728-6.166,4.233c-0.446,0.438-0.922,0.886-1.414,1.349C149.291,420.366,145.189,424.245,144.653,430.302z', NULL, 1, 1);

-- --------------------------------------------------------

--
-- Структура таблицы `tbl_area_lang`
--

CREATE TABLE IF NOT EXISTS `tbl_area_lang` (
  `id` int(11) NOT NULL AUTO_INCREMENT,
  `lang_id` varchar(6) NOT NULL,
  `area_id` int(11) NOT NULL,
  `l_address` text,
  `l_title` text,
  `l_permalink` text,
  PRIMARY KEY (`id`),
  KEY `fk_tbl_area_lang_1` (`area_id`)
) ENGINE=InnoDB  DEFAULT CHARSET=utf8 AUTO_INCREMENT=16 ;

--
-- Дамп данных таблицы `tbl_area_lang`
--

INSERT INTO `tbl_area_lang` (`id`, `lang_id`, `area_id`, `l_address`, `l_title`, `l_permalink`) VALUES
(1, 'en', 1, '+38 (0332) 78-65-28', 'Волынская область', ''),
(2, 'ru', 1, '+38 (0332) 78-65-28', 'Волынская область', ''),
(3, 'ua', 1, '+38 (0332) 78-65-28', 'Волынская область', ''),
(4, 'en', 2, 'м. Джанкой', 'АР Крым', ''),
(5, 'ru', 2, 'м. Джанкой', 'АР Крым', ''),
(6, 'ua', 2, 'м. Джанкой', 'АР Крым', ''),
(7, 'en', 3, '', '', NULL),
(8, 'ru', 3, '', '', NULL),
(9, 'ua', 3, '', '', NULL),
(10, 'en', 4, '', '', NULL),
(11, 'ru', 4, '', '', NULL),
(12, 'ua', 4, '', '', NULL),
(13, 'en', 5, '', 'ПОЛЬЩА', NULL),
(14, 'ru', 5, '', 'ПОЛЬЩА', NULL),
(15, 'ua', 5, '', 'ПОЛЬЩА', NULL);

-- --------------------------------------------------------

--
-- Структура таблицы `tbl_auth_assignment`
--

CREATE TABLE IF NOT EXISTS `tbl_auth_assignment` (
  `itemname` varchar(64) NOT NULL,
  `userid` varchar(64) NOT NULL,
  `bizrule` text,
  `data` text,
  PRIMARY KEY (`itemname`,`userid`)
) ENGINE=InnoDB DEFAULT CHARSET=utf8;

--
-- Дамп данных таблицы `tbl_auth_assignment`
--

INSERT INTO `tbl_auth_assignment` (`itemname`, `userid`, `bizrule`, `data`) VALUES
('admin', '1', NULL, NULL),
('admin', '46', NULL, 'N;'),
('admin', '50', NULL, 'N;'),
('user', '10', NULL, 'N;'),
('user', '11', NULL, 'N;'),
('user', '12', NULL, 'N;'),
('user', '13', NULL, 'N;'),
('user', '14', NULL, 'N;'),
('user', '15', NULL, 'N;'),
('user', '16', NULL, 'N;'),
('user', '17', NULL, 'N;'),
('user', '18', NULL, 'N;'),
('user', '19', NULL, 'N;'),
('user', '20', NULL, 'N;'),
('user', '21', NULL, 'N;'),
('user', '22', NULL, 'N;'),
('user', '23', NULL, 'N;'),
('user', '24', NULL, 'N;'),
('user', '25', NULL, 'N;'),
('user', '26', NULL, 'N;'),
('user', '27', NULL, 'N;'),
('user', '28', NULL, 'N;'),
('user', '29', NULL, 'N;'),
('user', '30', NULL, 'N;'),
('user', '31', NULL, 'N;'),
('user', '32', NULL, 'N;'),
('user', '33', NULL, 'N;'),
('user', '34', NULL, 'N;'),
('user', '35', NULL, 'N;'),
('user', '36', NULL, 'N;'),
('user', '37', NULL, 'N;'),
('user', '38', NULL, 'N;'),
('user', '39', NULL, 'N;'),
('user', '4', NULL, 'N;'),
('user', '40', NULL, 'N;'),
('user', '41', NULL, 'N;'),
('user', '42', NULL, 'N;'),
('user', '43', NULL, 'N;'),
('user', '44', NULL, 'N;'),
('user', '45', NULL, 'N;'),
('user', '47', NULL, 'N;'),
('user', '48', NULL, 'N;'),
('user', '49', NULL, 'N;'),
('user', '5', NULL, 'N;'),
('user', '6', NULL, 'N;'),
('user', '7', NULL, 'N;'),
('user', '8', NULL, 'N;');

-- --------------------------------------------------------

--
-- Структура таблицы `tbl_auth_item`
--

CREATE TABLE IF NOT EXISTS `tbl_auth_item` (
  `name` varchar(64) NOT NULL,
  `type` int(11) NOT NULL,
  `description` text,
  `bizrule` text,
  `data` text,
  PRIMARY KEY (`name`)
) ENGINE=InnoDB DEFAULT CHARSET=utf8;

--
-- Дамп данных таблицы `tbl_auth_item`
--

INSERT INTO `tbl_auth_item` (`name`, `type`, `description`, `bizrule`, `data`) VALUES
('admin', 2, 'Super admin', NULL, 'a:1:{s:8:"is_admin";i:1;}'),
('admin/language.create', 0, 'Site languages - Добавить язык', NULL, 'N;'),
('admin/language.delete', 0, 'Site languages - Delete language', NULL, 'N;'),
('admin/language.index', 0, 'Site languages - Управление языками', NULL, 'N;'),
('admin/language.update', 0, 'Site languages - Update language', NULL, 'N;'),
('admin/menu.create', 0, 'Меню - Добавить меню', NULL, 'N;'),
('admin/menu.createItem', 0, 'Меню - Add menu item', NULL, 'N;'),
('admin/menu.delete', 0, 'Меню - Delete menu', NULL, 'N;'),
('admin/menu.index', 0, 'Меню - Manage menu', NULL, 'N;'),
('admin/menu.moveItem', 0, 'Меню - Move menu item', NULL, 'N;'),
('admin/menu.update', 0, 'Меню - Update menu', NULL, 'N;'),
('admin/menu.updateItem', 0, 'Меню - Update menu item', NULL, 'N;'),
('admin/module.index', 0, 'Модули - Manage modules', NULL, 'N;'),
('admin/module.install', 0, 'Модули - Установить модуль', NULL, 'N;'),
('admin/module.uninstall', 0, 'Модули - Uninstall module', NULL, 'N;'),
('admin/module.update', 0, 'Модули - Update module', NULL, 'N;'),
('admin/page.create', 0, 'Pages - Create page', NULL, 'N;'),
('admin/page.delete', 0, 'Pages - Delete page', NULL, 'N;'),
('admin/page.index', 0, 'Pages - Manage pages', NULL, 'N;'),
('admin/page.update', 0, 'Pages - Update page', NULL, 'N;'),
('admin/setting.create', 0, 'SettingController - Создание записи', NULL, 'N;'),
('admin/setting.delete', 0, 'SettingController - Удаление записи', NULL, 'N;'),
('admin/setting.index', 0, 'SettingController - Список записей', NULL, 'N;'),
('admin/setting.update', 0, 'SettingController - Редактирование записи', NULL, 'N;'),
('admin/settings.index', 0, 'Site settings - Manage settings', NULL, 'N;'),
('admin/socialnetworklink.create', 0, 'SocialNetworkLinkController - Создание записи', NULL, 'N;'),
('admin/socialnetworklink.delete', 0, 'SocialNetworkLinkController - Удаление записи', NULL, 'N;'),
('admin/socialnetworklink.index', 0, 'SocialNetworkLinkController - Список записей', NULL, 'N;'),
('admin/socialnetworklink.update', 0, 'SocialNetworkLinkController - Редактирование записи', NULL, 'N;'),
('admin/structure.create', 0, 'Structure - Create page', NULL, 'N;'),
('admin/structure.delete', 0, 'Structure - Delete page', NULL, 'N;'),
('admin/structure.index', 0, 'Structure - Manage structure', NULL, 'N;'),
('admin/structure.update', 0, 'Structure - Update page', NULL, 'N;'),
('admin/user.addRole', 0, 'Пользователи - Add role', NULL, 'N;'),
('admin/user.create', 0, 'Пользователи - Create user', NULL, 'N;'),
('admin/user.delete', 0, 'Пользователи - Delete user', NULL, 'N;'),
('admin/user.index', 0, 'Пользователи - Manage users', NULL, 'N;'),
('admin/user.roles', 0, 'Пользователи - Manage roles', NULL, 'N;'),
('admin/user.update', 0, 'Пользователи - Update user', NULL, 'N;'),
('admin/user.updateRole', 0, 'Пользователи - Update role', NULL, 'N;'),
('admin/widget.addUserWidget', 0, 'Виджеты - Creating a custom widget', NULL, 'N;'),
('admin/widget.copy', 0, 'Виджеты - Copy widget', NULL, 'N;'),
('admin/widget.index', 0, 'Виджеты - Manage widgets', NULL, 'N;'),
('admin/widget.install', 0, 'Виджеты - Install widget', NULL, 'N;'),
('admin/widget.uninstall', 0, 'Виджеты - Uninstall widget', NULL, 'N;'),
('admin/widget.update', 0, 'Виджеты - Update widget', NULL, 'N;'),
('blog/admin/category.create', 0, 'Blog - Categories - Создание категории', NULL, 'N;'),
('blog/admin/category.delete', 0, 'Blog - Categories - Удаление категории', NULL, 'N;'),
('blog/admin/category.index', 0, 'Blog - Categories - Список категорий', NULL, 'N;'),
('blog/admin/category.update', 0, 'Blog - Categories - Редактирование категории', NULL, 'N;'),
('blog/admin/post.create', 0, 'Blog - Posts - Создание записи', NULL, 'N;'),
('blog/admin/post.delete', 0, 'Blog - Posts - Удаление записи', NULL, 'N;'),
('blog/admin/post.index', 0, 'Blog - Posts - Список записей', NULL, 'N;'),
('blog/admin/post.update', 0, 'Blog - Posts - Редактирование записи', NULL, 'N;'),
('mailing/admin/default.create', 0, 'Email рассылка - DefaultController - Создание записи', NULL, 'N;'),
('mailing/admin/default.delete', 0, 'Email рассылка - DefaultController - Удаление записи', NULL, 'N;'),
('mailing/admin/default.index', 0, 'Email рассылка - DefaultController - Список записей', NULL, 'N;'),
('mailing/admin/default.update', 0, 'Email рассылка - DefaultController - Редактирование записи', NULL, 'N;'),
('regionmap/admin/area.create', 0, 'regionmap - AreaController - Создание записи', NULL, 'N;'),
('regionmap/admin/area.delete', 0, 'regionmap - AreaController - Удаление записи', NULL, 'N;'),
('regionmap/admin/area.index', 0, 'regionmap - AreaController - Список записей', NULL, 'N;'),
('regionmap/admin/area.update', 0, 'regionmap - AreaController - Редактирование записи', NULL, 'N;'),
('regionmap/admin/email.create', 0, 'regionmap - EmailController - Создание записи', NULL, 'N;'),
('regionmap/admin/email.delete', 0, 'regionmap - EmailController - Удаление записи', NULL, 'N;'),
('regionmap/admin/email.index', 0, 'regionmap - EmailController - Список записей', NULL, 'N;'),
('regionmap/admin/email.update', 0, 'regionmap - EmailController - Редактирование записи', NULL, 'N;'),
('regionmap/admin/phone.create', 0, 'regionmap - PhoneController - Создание записи', NULL, 'N;'),
('regionmap/admin/phone.delete', 0, 'regionmap - PhoneController - Удаление записи', NULL, 'N;'),
('regionmap/admin/phone.index', 0, 'regionmap - PhoneController - Список записей', NULL, 'N;'),
('regionmap/admin/phone.update', 0, 'regionmap - PhoneController - Редактирование записи', NULL, 'N;'),
('regionmap/admin/place.create', 0, 'regionmap - PlaceController - Создание записи', NULL, 'N;'),
('regionmap/admin/place.delete', 0, 'regionmap - PlaceController - Удаление записи', NULL, 'N;'),
('regionmap/admin/place.index', 0, 'regionmap - PlaceController - Список записей', NULL, 'N;'),
('regionmap/admin/place.update', 0, 'regionmap - PlaceController - Редактирование записи', NULL, 'N;'),
('user', 2, 'User role', NULL, 'a:1:{s:8:"is_admin";i:0;}');

-- --------------------------------------------------------

--
-- Структура таблицы `tbl_auth_item_child`
--

CREATE TABLE IF NOT EXISTS `tbl_auth_item_child` (
  `parent` varchar(64) NOT NULL,
  `child` varchar(64) NOT NULL,
  PRIMARY KEY (`parent`,`child`),
  KEY `fk_tbl_auth_item_child_tbl_auth_item1` (`child`)
) ENGINE=InnoDB DEFAULT CHARSET=utf8;

-- --------------------------------------------------------

--
-- Структура таблицы `tbl_company`
--

CREATE TABLE IF NOT EXISTS `tbl_company` (
  `id` int(11) NOT NULL AUTO_INCREMENT,
  `name` text NOT NULL,
  `slogan` text NOT NULL,
  `manager_id` int(11) NOT NULL,
  `registered_address` text,
  `reg_Latitude` text,
  `reg_longitude` text,
  `mailing_address` text,
  `mail_Latitude` text,
  `mail_longitude` text,
  `capacities_address` text,
  `cap_Latitude` text,
  `cap_longitude` text,
  `status` tinyint(1) NOT NULL DEFAULT '1',
  PRIMARY KEY (`id`),
  KEY `fk_tbl_company_tbl_manager_1` (`manager_id`)
) ENGINE=InnoDB  DEFAULT CHARSET=utf8 AUTO_INCREMENT=2 ;

--
-- Дамп данных таблицы `tbl_company`
--

INSERT INTO `tbl_company` (`id`, `name`, `slogan`, `manager_id`, `registered_address`, `reg_Latitude`, `reg_longitude`, `mailing_address`, `mail_Latitude`, `mail_longitude`, `capacities_address`, `cap_Latitude`, `cap_longitude`, `status`) VALUES
(1, 'Ltd. "Farming equipment"', 'Ahrokorm - production and sale of feed', 10, '43026, м.Луцьк, вул.Єршова, 11', '50.7691679', '25.3716667', '43026, м.Луцьк, а/с 64', '', '', 'Волинська обл., смт.Турійськ, вул.Паралельна, 33', '', '', 1);

-- --------------------------------------------------------

--
-- Структура таблицы `tbl_company_lang`
--

CREATE TABLE IF NOT EXISTS `tbl_company_lang` (
  `id` int(11) NOT NULL AUTO_INCREMENT,
  `lang_id` varchar(6) NOT NULL,
  `company_id` int(11) NOT NULL,
  `l_name` text,
  `l_slogan` text,
  `l_registered_address` text,
  `l_mailing_address` text,
  `l_capacities_address` text,
  PRIMARY KEY (`id`),
  KEY `fk_tbl_company_lang_1` (`company_id`)
) ENGINE=InnoDB  DEFAULT CHARSET=utf8 AUTO_INCREMENT=5 ;

--
-- Дамп данных таблицы `tbl_company_lang`
--

INSERT INTO `tbl_company_lang` (`id`, `lang_id`, `company_id`, `l_name`, `l_slogan`, `l_registered_address`, `l_mailing_address`, `l_capacities_address`) VALUES
(1, 'en', 1, 'Ltd. "Farming equipment"', 'Ahrokorm - production and sale of feed', '43026, м.Луцьк, вул.Єршова, 11', '43026, м.Луцьк, а/с 64', 'Волинська обл., смт.Турійськ, вул.Паралельна, 33'),
(2, 'ru', 1, 'ООО «Агротехника»', 'Агрокорм - производство и реализация кормов', '', '', ''),
(3, 'ua', 1, 'ТзОВ «Агротехніка»', 'Агрокорм – виробництво та реалізація кормів', '', '', ''),
(4, 'pl', 1, '', '', '', '', '');

-- --------------------------------------------------------

--
-- Структура таблицы `tbl_contact`
--

CREATE TABLE IF NOT EXISTS `tbl_contact` (
  `id` int(11) NOT NULL AUTO_INCREMENT,
  `name` text NOT NULL,
  `manager_id` int(11) NOT NULL,
  `status` tinyint(1) NOT NULL DEFAULT '1',
  PRIMARY KEY (`id`),
  KEY `fk_tbl_contact_tbl_manager_1` (`manager_id`)
) ENGINE=InnoDB  DEFAULT CHARSET=utf8 AUTO_INCREMENT=5 ;

--
-- Дамп данных таблицы `tbl_contact`
--

INSERT INTO `tbl_contact` (`id`, `name`, `manager_id`, `status`) VALUES
(1, 'Директор ТзОВ «Агротехніка»', 6, 1),
(3, 'Заступник директора з виробництва', 7, 1),
(4, 'Відділ збуту', 9, 1);

-- --------------------------------------------------------

--
-- Структура таблицы `tbl_contact_lang`
--

CREATE TABLE IF NOT EXISTS `tbl_contact_lang` (
  `id` int(11) NOT NULL AUTO_INCREMENT,
  `lang_id` varchar(6) NOT NULL,
  `contact_id` int(11) NOT NULL,
  `l_name` text,
  PRIMARY KEY (`id`),
  KEY `fk_tbl_contact_lang_1` (`contact_id`)
) ENGINE=InnoDB  DEFAULT CHARSET=utf8 AUTO_INCREMENT=11 ;

--
-- Дамп данных таблицы `tbl_contact_lang`
--

INSERT INTO `tbl_contact_lang` (`id`, `lang_id`, `contact_id`, `l_name`) VALUES
(1, 'en', 3, 'Заступник директора з виробництва'),
(2, 'ru', 3, ''),
(3, 'ua', 3, ''),
(4, 'pl', 3, ''),
(5, 'en', 1, 'Директор ТзОВ «Агротехніка»'),
(6, 'ru', 1, ''),
(7, 'ua', 1, ''),
(8, 'en', 4, 'Відділ збуту'),
(9, 'ru', 4, ''),
(10, 'ua', 4, '');

-- --------------------------------------------------------

--
-- Структура таблицы `tbl_copyright`
--

CREATE TABLE IF NOT EXISTS `tbl_copyright` (
  `id` int(11) NOT NULL AUTO_INCREMENT,
  `text` text NOT NULL,
  PRIMARY KEY (`id`)
) ENGINE=InnoDB DEFAULT CHARSET=utf8 AUTO_INCREMENT=1 ;

-- --------------------------------------------------------

--
-- Структура таблицы `tbl_copyright_lang`
--

CREATE TABLE IF NOT EXISTS `tbl_copyright_lang` (
  `id` int(11) NOT NULL AUTO_INCREMENT,
  `copyright_id` int(11) NOT NULL,
  `lang_id` varchar(6) NOT NULL,
  `l_text` varchar(255) NOT NULL,
  PRIMARY KEY (`id`),
  KEY `fk_tbl_copyright_lang` (`copyright_id`)
) ENGINE=InnoDB DEFAULT CHARSET=utf8 AUTO_INCREMENT=1 ;

-- --------------------------------------------------------

--
-- Структура таблицы `tbl_email`
--

CREATE TABLE IF NOT EXISTS `tbl_email` (
  `id` int(11) NOT NULL AUTO_INCREMENT,
  `_id` varchar(128) DEFAULT NULL,
  `place_id` int(11) NOT NULL,
  `value` text,
  `permalink` text,
  `position` int(11) DEFAULT NULL,
  `status` tinyint(1) NOT NULL DEFAULT '1',
  PRIMARY KEY (`id`),
  KEY `fk_tbl_email_place_1` (`place_id`)
) ENGINE=InnoDB  DEFAULT CHARSET=utf8 AUTO_INCREMENT=2 ;

--
-- Дамп данных таблицы `tbl_email`
--

INSERT INTO `tbl_email` (`id`, `_id`, `place_id`, `value`, `permalink`, `position`, `status`) VALUES
(1, '', 1, 'evro-market@vfk.lutsk.ua', '', NULL, 1);

-- --------------------------------------------------------

--
-- Структура таблицы `tbl_faq`
--

CREATE TABLE IF NOT EXISTS `tbl_faq` (
  `id` int(11) NOT NULL AUTO_INCREMENT,
  `question` text NOT NULL,
  `answer` text NOT NULL,
  `status` tinyint(1) NOT NULL DEFAULT '1',
  PRIMARY KEY (`id`)
) ENGINE=InnoDB DEFAULT CHARSET=utf8 AUTO_INCREMENT=1 ;

-- --------------------------------------------------------

--
-- Структура таблицы `tbl_feedback`
--

CREATE TABLE IF NOT EXISTS `tbl_feedback` (
  `id` int(11) NOT NULL AUTO_INCREMENT,
  `name` varchar(255) NOT NULL,
  `email` varchar(256) NOT NULL,
  `message` text NOT NULL,
  `date_create` datetime NOT NULL,
  `status` tinyint(1) NOT NULL DEFAULT '0',
  PRIMARY KEY (`id`)
) ENGINE=InnoDB DEFAULT CHARSET=utf8 AUTO_INCREMENT=1 ;

-- --------------------------------------------------------

--
-- Структура таблицы `tbl_history`
--

CREATE TABLE IF NOT EXISTS `tbl_history` (
  `id` int(11) NOT NULL AUTO_INCREMENT,
  `date` text,
  `title` text,
  `text` text,
  `class` text,
  `type` tinyint(1) NOT NULL DEFAULT '1',
  `status` tinyint(1) NOT NULL DEFAULT '1',
  PRIMARY KEY (`id`)
) ENGINE=InnoDB  DEFAULT CHARSET=utf8 AUTO_INCREMENT=21 ;

--
-- Дамп данных таблицы `tbl_history`
--

INSERT INTO `tbl_history` (`id`, `date`, `title`, `text`, `class`, `type`, `status`) VALUES
(1, '', ' ТзОВ «Агротехніка» Сьогодні', '<strong>Сьогодні&nbsp;ТзОВ &laquo;Агротехніка&raquo;&nbsp;- успішна компанія, що динамічно розвивається та вдосконалюється, постійно нарощує власні виробничі потужності, розширює асортимент своїх товарів.</strong><br />\r\n<br />\r\nСистемність та послідовність у веденні бізнесу, а також наслідування основних тенденцій світового ринку, дає можливість підприємству підтримувати статус надійного та стабільного партнера. Ефективність менеджменту, передові технології, професіональна команда, оптимальне використання людських, природних та фінансових ресурсів &ndash; ось, що дозволяє нам показувати високі результати та стрімко рухатись вгору.\r\n', '', 0, 1),
(3, '2014 рік', 'Елеватор та зерносушильний комплекс в с.Несвіч', '<p>Елеватор та зерносушильний комплекс в с.Несвіч - готується до запуску у 2014р.</p>\r\n', '', 1, 1),
(16, '2014 рік', 'Елеваптор в смт.Турійськ', '<p>Елеваптор в смт.Турійськ &ndash; запуск у 2014р.</p>\r\n', '', 0, 1),
(17, '2013 рік', 'Елеватор в смт.Локачі', '<p>Елеватор в смт.Локачі &ndash; запуск 2013 р.</p>\r\n', '', 1, 1),
(18, '2012 рік', 'Цех переробки олійний культур', '<p><strong>Цех переробки олійний культур &ndash; запуск 2012р.</strong></p>\r\n\r\n<p>На початку 2012 року на базі підприємства розпочав роботу&nbsp;<strong>цех по переробці олійних культур</strong>. З цього моменту виробництво олії та інших продуктів переробки олійних культур стало важливою складовою діяльності підприємства. Варто зазначити, що продукція олійного цеху використовується, як для забезпечення потреб власних комбікормових заводів, так і для реалізації на внутрішньому ринку та за кордоном.</p>\r\n', '', 0, 1),
(19, '2009 рік', 'Турійский комбікормовий завод', '<p><strong>Турійский комбікормовий завод &ndash; запуск виробництва 2009 р.</strong></p>\r\n\r\n<p>Одним із основних напрямків діяльності ТзОВ &laquo;Агротехніка&raquo; є виробництво та постачання повнораціонних комбікормів для сільськогосподарських тварин, птахів і риби та концентратів під&nbsp;<strong>торговою маркою &laquo;Агрокорм&raquo;</strong>&nbsp;.</p>\r\n\r\n<p>Два заводи з високотехнологічним обладнанням і повна автоматизація виробництва дозволяють виготовляти широкий асортимент комбікормів, легко змінюючи рецептуру, вигляд і спосіб пакування. Середньомісячна потужність заводів складає 12000 тон гранульованого комбікорму.</p>\r\n', '', 1, 1),
(20, '2002 рік', 'Локачинський комбікормовий завод', '<p>Локачинський комбікормовий завод &ndash; запуск виробництва 2.08.2002</p>\r\n', '', 0, 1);

-- --------------------------------------------------------

--
-- Структура таблицы `tbl_history_lang`
--

CREATE TABLE IF NOT EXISTS `tbl_history_lang` (
  `id` int(11) NOT NULL AUTO_INCREMENT,
  `lang_id` varchar(6) NOT NULL,
  `history_id` int(11) NOT NULL,
  `l_date` text,
  `l_title` text,
  `l_text` text,
  PRIMARY KEY (`id`),
  KEY `fk_tbl_history_lang_1` (`history_id`)
) ENGINE=InnoDB  DEFAULT CHARSET=utf8 AUTO_INCREMENT=76 ;

--
-- Дамп данных таблицы `tbl_history_lang`
--

INSERT INTO `tbl_history_lang` (`id`, `lang_id`, `history_id`, `l_date`, `l_title`, `l_text`) VALUES
(1, 'en', 1, '', ' ТзОВ «Агротехніка» Сьогодні', '<strong>Сьогодні&nbsp;ТзОВ &laquo;Агротехніка&raquo;&nbsp;- успішна компанія, що динамічно розвивається та вдосконалюється, постійно нарощує власні виробничі потужності, розширює асортимент своїх товарів.</strong><br />\r\n<br />\r\nСистемність та послідовність у веденні бізнесу, а також наслідування основних тенденцій світового ринку, дає можливість підприємству підтримувати статус надійного та стабільного партнера. Ефективність менеджменту, передові технології, професіональна команда, оптимальне використання людських, природних та фінансових ресурсів &ndash; ось, що дозволяє нам показувати високі результати та стрімко рухатись вгору.\r\n'),
(2, 'ru', 1, '', '', ''),
(3, 'ua', 1, '', '', ''),
(4, 'pl', 1, '', '', ''),
(9, 'en', 3, '2014 рік', 'Елеватор та зерносушильний комплекс в с.Несвіч', '<p>Елеватор та зерносушильний комплекс в с.Несвіч - готується до запуску у 2014р.</p>\r\n'),
(10, 'ru', 3, '', '', ''),
(11, 'ua', 3, '', '', ''),
(12, 'pl', 3, '', '', ''),
(61, 'en', 16, '2014 рік', 'Елеваптор в смт.Турійськ', '<p>Елеваптор в смт.Турійськ &ndash; запуск у 2014р.</p>\r\n'),
(62, 'ru', 16, '', '', ''),
(63, 'ua', 16, '', '', ''),
(64, 'en', 17, '2013 рік', 'Елеватор в смт.Локачі', '<p>Елеватор в смт.Локачі &ndash; запуск 2013 р.</p>\r\n'),
(65, 'ru', 17, '', '', ''),
(66, 'ua', 17, '', '', ''),
(67, 'en', 18, '2012 рік', 'Цех переробки олійний культур', '<p><strong>Цех переробки олійний культур &ndash; запуск 2012р.</strong></p>\r\n\r\n<p>На початку 2012 року на базі підприємства розпочав роботу&nbsp;<strong>цех по переробці олійних культур</strong>. З цього моменту виробництво олії та інших продуктів переробки олійних культур стало важливою складовою діяльності підприємства. Варто зазначити, що продукція олійного цеху використовується, як для забезпечення потреб власних комбікормових заводів, так і для реалізації на внутрішньому ринку та за кордоном.</p>\r\n'),
(68, 'ru', 18, '', '', ''),
(69, 'ua', 18, '', '', ''),
(70, 'en', 19, '2009 рік', 'Турійский комбікормовий завод', '<p><strong>Турійский комбікормовий завод &ndash; запуск виробництва 2009 р.</strong></p>\r\n\r\n<p>Одним із основних напрямків діяльності ТзОВ &laquo;Агротехніка&raquo; є виробництво та постачання повнораціонних комбікормів для сільськогосподарських тварин, птахів і риби та концентратів під&nbsp;<strong>торговою маркою &laquo;Агрокорм&raquo;</strong>&nbsp;.</p>\r\n\r\n<p>Два заводи з високотехнологічним обладнанням і повна автоматизація виробництва дозволяють виготовляти широкий асортимент комбікормів, легко змінюючи рецептуру, вигляд і спосіб пакування. Середньомісячна потужність заводів складає 12000 тон гранульованого комбікорму.</p>\r\n'),
(71, 'ru', 19, '', '', ''),
(72, 'ua', 19, '', '', ''),
(73, 'en', 20, '2002 рік', 'Локачинський комбікормовий завод', '<p>Локачинський комбікормовий завод &ndash; запуск виробництва 2.08.2002</p>\r\n'),
(74, 'ru', 20, '', '', ''),
(75, 'ua', 20, '', '', '');

-- --------------------------------------------------------

--
-- Структура таблицы `tbl_language`
--

CREATE TABLE IF NOT EXISTS `tbl_language` (
  `id` int(11) NOT NULL AUTO_INCREMENT,
  `name` varchar(2) NOT NULL,
  `title` varchar(125) NOT NULL,
  `status` tinyint(1) DEFAULT '1',
  PRIMARY KEY (`id`)
) ENGINE=InnoDB  DEFAULT CHARSET=utf8 AUTO_INCREMENT=4 ;

--
-- Дамп данных таблицы `tbl_language`
--

INSERT INTO `tbl_language` (`id`, `name`, `title`, `status`) VALUES
(1, 'en', 'English', 2),
(2, 'ru', 'Русский', 1),
(3, 'ua', 'Українська', 1);

-- --------------------------------------------------------

--
-- Структура таблицы `tbl_manager`
--

CREATE TABLE IF NOT EXISTS `tbl_manager` (
  `id` int(11) NOT NULL AUTO_INCREMENT,
  `category_id` int(11) NOT NULL,
  `name` text NOT NULL,
  `position` text NOT NULL,
  `image` varchar(255) DEFAULT NULL,
  `address` text,
  `phone` text,
  `fax` text,
  `email` text,
  `skype` text,
  `status` tinyint(1) NOT NULL DEFAULT '1',
  `latitude` text,
  `longitude` text,
  PRIMARY KEY (`id`),
  KEY `fk_tbl_manager_1` (`category_id`)
) ENGINE=InnoDB  DEFAULT CHARSET=utf8 AUTO_INCREMENT=11 ;

--
-- Дамп данных таблицы `tbl_manager`
--

INSERT INTO `tbl_manager` (`id`, `category_id`, `name`, `position`, `image`, `address`, `phone`, `fax`, `email`, `skype`, `status`, `latitude`, `longitude`) VALUES
(2, 2, 'Оксана Черевко', 'Менеджер з логістики ', '53a85f2580655.jpg', '', '', '', '', '', 1, '50.7691679', '25.3716667'),
(3, 2, 'Таміла Віталіївна Насарчук', 'Менеджер з організації перевезень транспортного відділу', '53a858102cd31.jpg', '', '', '', 'tamila.nasarchuk@pankurchak.com.ua', '', 1, '', ''),
(4, 2, 'Ігор Віталійович Мазур', 'Начальник складського господарства', '53a85cfc4dbdf.jpg', '', '', '', '', '', 1, '', ''),
(6, 1, 'Горлач Сергій Олександрович', 'Директор', '53a860b43325d.jpg', '', '', '', 'agrokorm_office@pankurchak.com.ua', 'agrotechnika.sekretary', 1, '', ''),
(7, 1, 'Кондратенко Сергій Олександрович', 'Заступник директора з виробництва', '53a8614df0781.jpg', '', '', '', 'agrokorm_tkz@pankurchak.com.ua', 'agrotechnika.manufacture', 1, '', ''),
(8, 2, 'Завалій Людмила Миколаївна', 'Керівник напрямку переробки олійних культур та збуту продуктів переробки', '53abb7ebb6a1f.jpg', '', '', '', 'zavaliy@pankurchak.com.ua', 'Lyudmila.Zavaliy', 1, '', ''),
(9, 2, 'Ткачук Андрій Володимирович', 'Керівник відділу збуту', '53b6361a1e0dc.jpg', '', '', '', 'tkachuk.andriy@pankurchak.com.ua', '', 1, '', ''),
(10, 2, 'КОНТАКТИ', 'Контакти', NULL, 'вул. Єршова, 11, м. Луцьк', '<span>+38 (0332)<strong> 78 44 77</strong></span>', '', '', '', 1, '50.7691679', '25.3716667');

-- --------------------------------------------------------

--
-- Структура таблицы `tbl_manager_category`
--

CREATE TABLE IF NOT EXISTS `tbl_manager_category` (
  `id` int(11) NOT NULL AUTO_INCREMENT,
  `name` text NOT NULL,
  PRIMARY KEY (`id`)
) ENGINE=InnoDB  DEFAULT CHARSET=utf8 AUTO_INCREMENT=3 ;

--
-- Дамп данных таблицы `tbl_manager_category`
--

INSERT INTO `tbl_manager_category` (`id`, `name`) VALUES
(1, 'Руководители'),
(2, 'Контактна особа');

-- --------------------------------------------------------

--
-- Структура таблицы `tbl_manager_lang`
--

CREATE TABLE IF NOT EXISTS `tbl_manager_lang` (
  `id` int(11) NOT NULL AUTO_INCREMENT,
  `lang_id` varchar(6) NOT NULL,
  `manager_id` int(11) NOT NULL,
  `l_position` text,
  `l_name` text,
  `l_address` text,
  PRIMARY KEY (`id`),
  KEY `fk_tbl_manager_lang_1` (`manager_id`)
) ENGINE=InnoDB  DEFAULT CHARSET=utf8 AUTO_INCREMENT=37 ;

--
-- Дамп данных таблицы `tbl_manager_lang`
--

INSERT INTO `tbl_manager_lang` (`id`, `lang_id`, `manager_id`, `l_position`, `l_name`, `l_address`) VALUES
(5, 'en', 2, 'Менеджер з логістики ', 'Оксана Черевко', ''),
(6, 'ru', 2, '', '', ''),
(7, 'ua', 2, '', '', ''),
(8, 'pl', 2, '', '', ''),
(9, 'en', 3, 'Менеджер з організації перевезень транспортного відділу', 'Таміла Віталіївна Насарчук', ''),
(10, 'ru', 3, '', '', ''),
(11, 'ua', 3, 'Менеджер з організації перевезень транспортного відділу', 'Таміла Віталіївна Насарчук', ''),
(12, 'pl', 3, '', '', ''),
(13, 'en', 4, 'Начальник складського господарства', 'Ігор Віталійович Мазур', ''),
(14, 'ru', 4, '', '', ''),
(15, 'ua', 4, '', '', ''),
(16, 'pl', 4, '', '', ''),
(21, 'en', 6, 'Директор', 'Горлач Сергій Олександрович', ''),
(22, 'ru', 6, '', '', ''),
(23, 'ua', 6, '', '', ''),
(24, 'pl', 6, '', '', ''),
(25, 'en', 7, 'Заступник директора з виробництва', 'Кондратенко Сергій Олександрович', ''),
(26, 'ru', 7, '', '', ''),
(27, 'ua', 7, '', '', ''),
(28, 'en', 8, 'Керівник напрямку переробки олійних культур та збуту продуктів переробки', 'Завалій Людмила Миколаївна', ''),
(29, 'ru', 8, '', '', ''),
(30, 'ua', 8, '', '', ''),
(31, 'en', 9, 'Керівник відділу збуту', 'Ткачук Андрій Володимирович', ''),
(32, 'ru', 9, '', '', ''),
(33, 'ua', 9, '', '', ''),
(34, 'en', 10, 'Контакти', 'КОНТАКТИ', 'вул. Єршова, 11, м. Луцьк'),
(35, 'ru', 10, '', '', ''),
(36, 'ua', 10, '', '', '');

-- --------------------------------------------------------

--
-- Структура таблицы `tbl_manager_phone`
--

CREATE TABLE IF NOT EXISTS `tbl_manager_phone` (
  `id` int(11) NOT NULL AUTO_INCREMENT,
  `manager_id` int(11) NOT NULL,
  `phone` text,
  `status` tinyint(1) NOT NULL DEFAULT '1',
  PRIMARY KEY (`id`),
  KEY `fk_tbl_manager_phone_1` (`manager_id`)
) ENGINE=InnoDB  DEFAULT CHARSET=utf8 AUTO_INCREMENT=23 ;

--
-- Дамп данных таблицы `tbl_manager_phone`
--

INSERT INTO `tbl_manager_phone` (`id`, `manager_id`, `phone`, `status`) VALUES
(3, 2, '<span>+38 (0332) <strong>78-46-48</strong></span>', 1),
(4, 2, '<span>+38 (0332) <strong>78-44-76</strong></span>', 1),
(5, 3, '<span>+38 (067)<strong> 333 73 09</strong></span>', 1),
(6, 4, '<span>+38 (067)<strong> 333 73 58</strong></span>', 1),
(7, 4, '<span>+38 (0332)<strong> 78 46 48</strong></span>', 1),
(10, 6, '<span>+38 (0332) <strong>78 44 77</strong></span>', 1),
(12, 3, '<span>+38 (0332)<strong> 78 82 13</strong></span>', 1),
(14, 4, '<span>+38 (0332)<strong> 78 44 76</strong></span>', 1),
(15, 7, '<span>+38 (03363)<strong> 2 14 04</strong></span>', 1),
(16, 8, '<span>+38 (067)<strong> 333 70 336</strong></span>', 1),
(17, 8, '<span>+38 (0332)<strong> 78 46 48</strong></span>', 1),
(18, 8, '<span>+38 (0332)<strong> 78 44 76</strong></span>', 1),
(19, 2, '<span>+38 (067)<strong> 333 73 14</strong></span>', 1),
(20, 3, '<span>+38 (0332)<strong> 78 82 03</strong></span>', 1),
(21, 9, '<span>+38 (0332)<strong> 78 82 03</strong></span>', 1),
(22, 9, '<span>+38 (0332)<strong> 78 82 03</strong></span>', 1);

-- --------------------------------------------------------

--
-- Структура таблицы `tbl_menu`
--

CREATE TABLE IF NOT EXISTS `tbl_menu` (
  `id` int(11) NOT NULL AUTO_INCREMENT,
  `title` varchar(128) NOT NULL,
  `image` varchar(128) DEFAULT NULL,
  `route_id` int(11) DEFAULT NULL,
  `root` int(11) unsigned DEFAULT NULL,
  `lft` int(11) unsigned NOT NULL,
  `rgt` int(11) unsigned NOT NULL,
  `level` smallint(5) unsigned NOT NULL,
  `status` tinyint(1) NOT NULL DEFAULT '1',
  `parent_id` int(11) DEFAULT NULL,
  `type` tinyint(1) NOT NULL DEFAULT '0',
  `url` varchar(255) DEFAULT NULL,
  `css_class` varchar(255) DEFAULT NULL,
  `template` text,
  PRIMARY KEY (`id`)
) ENGINE=InnoDB  DEFAULT CHARSET=utf8 AUTO_INCREMENT=56 ;

--
-- Дамп данных таблицы `tbl_menu`
--

INSERT INTO `tbl_menu` (`id`, `title`, `image`, `route_id`, `root`, `lft`, `rgt`, `level`, `status`, `parent_id`, `type`, `url`, `css_class`, `template`) VALUES
(6, 'header_menu', NULL, NULL, 6, 1, 36, 1, 1, NULL, 0, NULL, NULL, NULL),
(7, 'ПРО КОМПАНІЮ', NULL, NULL, 6, 2, 17, 2, 1, 6, 1, '#', 'not-action', ''),
(9, 'КЕРІВНИЦТВО', NULL, NULL, 6, 7, 8, 3, 1, 7, 2, '/leadership', '', ''),
(10, 'ПОТУЖНОСТІ', NULL, NULL, 6, 9, 10, 3, 1, 7, 2, '/capacity', '', ''),
(11, 'переваги', NULL, 9, 6, 11, 12, 3, 1, 7, 0, '#', '', ''),
(12, 'НОВИНИ', NULL, NULL, 6, 13, 14, 3, 1, 7, 2, '/news', '', ''),
(13, 'ПОРАДИ ЕКСПЕРТІВ', NULL, NULL, 6, 15, 16, 3, 1, 7, 2, '/advice', '', ''),
(14, 'ПОСЛУГИ', NULL, NULL, 6, 18, 25, 2, 1, 6, 1, '#', 'not-action', ''),
(15, 'Експертна логістика', NULL, 14, 6, 19, 20, 3, 1, 14, 2, '/services/logistic', '', ''),
(16, 'Транспортні послуги', NULL, 15, 6, 21, 22, 3, 1, 14, 2, '/services/transport', '', ''),
(17, 'Послуги елеватора', NULL, NULL, 6, 23, 24, 3, 1, 14, 2, '/services/elevator', '', ''),
(18, 'ВИРОБНИЦТВО', NULL, NULL, 6, 26, 31, 2, 1, 6, 1, '#', 'not-action', ''),
(19, 'Корми', NULL, NULL, 6, 27, 28, 3, 1, 18, 2, '/production/feed', '', ''),
(20, 'Переробка олійних культур', NULL, NULL, 6, 29, 30, 3, 1, 18, 2, '/production/oil', '', ''),
(21, 'ЗАКУПІВЕЛЬНІ ЦІНИ', NULL, NULL, 6, 32, 33, 2, 1, 6, 2, '/purchase_prices', '', ''),
(22, 'КОНТАКТИ', NULL, NULL, 6, 34, 35, 2, 1, 6, 2, '/contact', '', ''),
(23, 'company_footer_menu', NULL, NULL, 23, 1, 14, 1, 1, NULL, 0, NULL, NULL, NULL),
(24, 'Історія', NULL, NULL, 23, 2, 3, 2, 1, 23, 2, '/history', '', ''),
(25, 'Керівництво', NULL, NULL, 23, 4, 5, 2, 1, 23, 2, '/leadership', '', ''),
(26, 'Потужності', NULL, NULL, 23, 6, 7, 2, 1, 23, 2, '/capacity', '', ''),
(27, 'Сертифікати', NULL, 9, 23, 8, 9, 2, 1, 23, 0, '#', '', ''),
(28, 'Новини', NULL, NULL, 23, 10, 11, 2, 1, 23, 2, '/news', '', ''),
(29, 'Поради експертів', NULL, NULL, 23, 12, 13, 2, 1, 23, 2, '/advice', '', ''),
(30, 'services_footer_menu', NULL, NULL, 30, 1, 8, 1, 1, NULL, 0, NULL, NULL, NULL),
(31, 'Послуги елеватора', NULL, NULL, 30, 2, 3, 2, 1, 30, 2, '/services/elevator', '', ''),
(32, 'Експортна логістика', NULL, NULL, 30, 4, 5, 2, 1, 30, 2, '/services/logistic', '', ''),
(33, 'Транспортні послуги', NULL, NULL, 30, 6, 7, 2, 1, 30, 2, '/services/transport', '', ''),
(34, 'production_footer_menu', NULL, NULL, 34, 1, 6, 1, 1, NULL, 0, NULL, NULL, NULL),
(35, 'Корми', NULL, NULL, 34, 2, 3, 2, 1, 34, 2, '/production/feed', '', ''),
(36, 'Переробка олійних культур', NULL, NULL, 34, 4, 5, 2, 1, 34, 2, '/production/oil', '', ''),
(37, 'custom_navigation', NULL, NULL, 37, 1, 16, 1, 1, NULL, 0, NULL, NULL, NULL),
(38, 'ВИРОБНИЦТВО КОМБІКОРМІВ', NULL, NULL, 37, 2, 3, 2, 1, 37, 2, '/production/feed', '', '<a href="{link}">                     <span class="icon-static">                         <span class="icons-custom-nav-1"></span>                         <span class="va-helper"></span>                     </span>                     <span class="caption">{title}</span>                 </a>            '),
(39, 'ВИРОБНИЦТВО ОЛІЙНИХ КУЛЬТУР', NULL, NULL, 37, 4, 5, 2, 1, 37, 2, '/production/oil', '', '<a href="{link}">                     <span class="icon-static">                         <span class="icons-custom-nav-2"></span>                         <span class="va-helper"></span>                     </span>                     <span class="caption">{title}</span>                 </a>'),
(40, 'СИРОВИНА ДЛЯ КОМБІКОРМІВ', NULL, NULL, 37, 6, 7, 2, 1, 37, 2, '/production/feed', '', '<a href="{link}">                     <span class="icon-static">                         <span class="icons-custom-nav-3"></span>                         <span class="va-helper"></span>                     </span>                     <span class="caption">{title}</span>                 </a>'),
(41, 'ПОСЛУГИ ЕЛЕВАТОРА', NULL, NULL, 37, 8, 9, 2, 1, 37, 2, '/services/elevator', '', '<a href="{link}">                     <span class="icon-static">                         <span class="icons-custom-nav-4"></span>                         <span class="va-helper"></span>                     </span>                     <span class="caption">{title}</span>                 </a>'),
(42, 'ТРАНСПОРТНІ ПОСЛУГИ', NULL, NULL, 37, 10, 11, 2, 1, 37, 2, '/services/transport', '', '<a href="{link}"> <span class="icon-static"> <span class="icons-custom-nav-5"></span> <span class="va-helper"></span> </span> <span class="caption">{title}</span> </a>'),
(43, 'ЕКСПОРТ ЗЕРНОВИХ', NULL, NULL, 37, 12, 13, 2, 1, 37, 2, '/export', '', '<a href="{link}"> <span class="icon-static"> <span class="icons-custom-nav-6"></span> <span class="va-helper"></span> </span> <span class="caption">{title}</span> </a>'),
(44, 'ЕКСПЕРТНА ЛОГІСТИКА', NULL, NULL, 37, 14, 15, 2, 1, 37, 2, '/services/logistic', '', '<a href="{link}"> <span class="icon-static"> <span class="icons-custom-nav-7"></span> <span class="va-helper"></span> </span> <span class="caption">{title}</span> </a>'),
(45, 'fixed_sidebar', NULL, NULL, 45, 1, 20, 1, 1, NULL, 0, NULL, NULL, NULL),
(46, 'ВИРОБНИЦТВО КОМБІКОРМІВ', NULL, NULL, 45, 2, 3, 2, 1, 45, 2, '/production/feed', '', '<a href="{link}">                 <span class="link">                     <span class="icons-fixed-nav-1"></span>                     <span class="va-helper"></span>                 </span>                 <span class="info">                     <span class="va-helper"></span>                     <span class="description">{title}</span>                 </span>             </a>'),
(47, 'ВИРОБНИЦТВО ОЛІЙНИХ КУЛЬТУР', NULL, NULL, 45, 4, 5, 2, 1, 45, 2, '/production/oil', '', '<a href="{link}">                 <span class="link">                     <span class="icons-fixed-nav-1"></span>                     <span class="va-helper"></span>                 </span>                 <span class="info">                     <span class="va-helper"></span>                     <span class="description">{title}</span>                 </span>             </a>'),
(48, 'СИРОВИНА ДЛЯ КОМБІКОРМІВ', NULL, NULL, 45, 6, 7, 2, 1, 45, 2, '/production/feed', '', '<a href="{link}">                 <span class="link">                     <span class="icons-fixed-nav-3"></span>                     <span class="va-helper"></span>                 </span>                 <span class="info">                     <span class="va-helper"></span>                     <span class="description">{title}</span>                 </span>             </a>'),
(49, 'ПОСЛУГИ ЕЛЕВАТОРА', NULL, NULL, 45, 8, 9, 2, 1, 45, 2, '/services/elevator', '', '<a href="{link}">                 <span class="link">                     <span class="icons-fixed-nav-4"></span>                     <span class="va-helper"></span>                 </span>                 <span class="info">                     <span class="va-helper"></span>                     <span class="description">{title}</span>                 </span>             </a>'),
(50, 'ТРАНСПОРТНІ ПОСЛУГИ', NULL, NULL, 45, 10, 11, 2, 1, 45, 2, '/services/transport', '', '<a href="{link}">                 <span class="link">                     <span class="icons-fixed-nav-5"></span>                     <span class="va-helper"></span>                 </span>                 <span class="info">                     <span class="va-helper"></span>                     <span class="description">{title}</span>                 </span>             </a>'),
(51, 'ЕКСПОРТ ЗЕРНОВИХ', NULL, NULL, 45, 12, 13, 2, 1, 45, 2, '/export', '', '<a href="{link}">                 <span class="link">                     <span class="icons-fixed-nav-6"></span>                     <span class="va-helper"></span>                 </span>                 <span class="info">                     <span class="va-helper"></span>                     <span class="description">{title}</span>                 </span>             </a>'),
(52, 'ЕКСПЕРТНА ЛОГІСТИКА', NULL, NULL, 45, 14, 15, 2, 1, 45, 2, '/services/logistic', '', '<a href="{link}">                 <span class="link">                     <span class="icons-fixed-nav-7"></span>                     <span class="va-helper"></span>                 </span>                 <span class="info">                     <span class="va-helper"></span>                     <span class="description">{title}</span>                 </span>             </a>'),
(53, 'ВНУТРІШНІЙ РИНОК', NULL, NULL, 45, 16, 17, 2, 1, 45, 2, '/import', '', '<a href="{link}">                 <span class="link">                     <span class="icons-fixed-nav-8"></span>                     <span class="va-helper"></span>                 </span>                 <span class="info">                     <span class="va-helper"></span>                     <span class="description">{title}</span>                 </span>             </a>'),
(54, 'ЕКСПОРТ', NULL, NULL, 45, 18, 19, 2, 1, 45, 2, '/export', '', '<a href="{link}">                 <span class="link">                     <span class="icons-fixed-nav-9"></span>                     <span class="va-helper"></span>                 </span>                 <span class="info">                     <span class="va-helper"></span>                     <span class="description">{title}</span>                 </span>             </a>'),
(55, 'ІСТОРІЯ', NULL, NULL, 6, 3, 4, 3, 1, 7, 2, '/history', '', '');

-- --------------------------------------------------------

--
-- Структура таблицы `tbl_menu_lang`
--

CREATE TABLE IF NOT EXISTS `tbl_menu_lang` (
  `id` int(11) NOT NULL AUTO_INCREMENT,
  `l_title` varchar(128) NOT NULL,
  `menu_id` int(11) NOT NULL,
  `lang_id` varchar(6) NOT NULL,
  PRIMARY KEY (`id`),
  KEY `fk_tbl_menu_lang_tbl_menu` (`menu_id`)
) ENGINE=InnoDB  DEFAULT CHARSET=utf8 AUTO_INCREMENT=220 ;

--
-- Дамп данных таблицы `tbl_menu_lang`
--

INSERT INTO `tbl_menu_lang` (`id`, `l_title`, `menu_id`, `lang_id`) VALUES
(21, 'header_menu', 6, 'en'),
(22, '', 6, 'ru'),
(23, '', 6, 'ua'),
(24, '', 6, 'pl'),
(25, 'ПРО КОМПАНІЮ', 7, 'en'),
(26, '', 7, 'ru'),
(27, '', 7, 'ua'),
(28, '', 7, 'pl'),
(33, 'КЕРІВНИЦТВО', 9, 'en'),
(34, '', 9, 'ru'),
(35, '', 9, 'ua'),
(36, '', 9, 'pl'),
(37, 'ПОТУЖНОСТІ', 10, 'en'),
(38, '', 10, 'ru'),
(39, '', 10, 'ua'),
(40, '', 10, 'pl'),
(41, 'переваги', 11, 'en'),
(42, '', 11, 'ru'),
(43, '', 11, 'ua'),
(44, '', 11, 'pl'),
(45, 'НОВИНИ', 12, 'en'),
(46, '', 12, 'ru'),
(47, '', 12, 'ua'),
(48, '', 12, 'pl'),
(49, 'ПОРАДИ ЕКСПЕРТІВ', 13, 'en'),
(50, '', 13, 'ru'),
(51, '', 13, 'ua'),
(52, '', 13, 'pl'),
(53, 'ПОСЛУГИ', 14, 'en'),
(54, '', 14, 'ru'),
(55, '', 14, 'ua'),
(56, '', 14, 'pl'),
(57, 'Експертна логістика', 15, 'en'),
(58, '', 15, 'ru'),
(59, '', 15, 'ua'),
(60, '', 15, 'pl'),
(61, 'Транспортні послуги', 16, 'en'),
(62, '', 16, 'ru'),
(63, '', 16, 'ua'),
(64, '', 16, 'pl'),
(65, 'Послуги елеватора', 17, 'en'),
(66, '', 17, 'ru'),
(67, '', 17, 'ua'),
(68, '', 17, 'pl'),
(69, 'ВИРОБНИЦТВО', 18, 'en'),
(70, '', 18, 'ru'),
(71, '', 18, 'ua'),
(72, '', 18, 'pl'),
(73, 'Корми', 19, 'en'),
(74, '', 19, 'ru'),
(75, '', 19, 'ua'),
(76, '', 19, 'pl'),
(77, 'Переробка олійних культур', 20, 'en'),
(78, '', 20, 'ru'),
(79, '', 20, 'ua'),
(80, '', 20, 'pl'),
(81, 'ЗАКУПІВЕЛЬНІ ЦІНИ', 21, 'en'),
(82, '', 21, 'ru'),
(83, '', 21, 'ua'),
(84, '', 21, 'pl'),
(85, 'КОНТАКТИ', 22, 'en'),
(86, '', 22, 'ru'),
(87, '', 22, 'ua'),
(88, '', 22, 'pl'),
(89, 'company_footer_menu', 23, 'en'),
(90, '', 23, 'ru'),
(91, '', 23, 'ua'),
(92, '', 23, 'pl'),
(93, 'Історія', 24, 'en'),
(94, '', 24, 'ru'),
(95, '', 24, 'ua'),
(96, '', 24, 'pl'),
(97, 'Керівництво', 25, 'en'),
(98, '', 25, 'ru'),
(99, '', 25, 'ua'),
(100, '', 25, 'pl'),
(101, 'Потужності', 26, 'en'),
(102, '', 26, 'ru'),
(103, '', 26, 'ua'),
(104, '', 26, 'pl'),
(105, 'Сертифікати', 27, 'en'),
(106, '', 27, 'ru'),
(107, '', 27, 'ua'),
(108, '', 27, 'pl'),
(109, 'Новини', 28, 'en'),
(110, '', 28, 'ru'),
(111, '', 28, 'ua'),
(112, '', 28, 'pl'),
(113, 'Поради експертів', 29, 'en'),
(114, '', 29, 'ru'),
(115, '', 29, 'ua'),
(116, '', 29, 'pl'),
(117, 'services_footer_menu', 30, 'en'),
(118, '', 30, 'ru'),
(119, '', 30, 'ua'),
(120, '', 30, 'pl'),
(121, 'Послуги елеватора', 31, 'en'),
(122, '', 31, 'ru'),
(123, '', 31, 'ua'),
(124, '', 31, 'pl'),
(125, 'Експортна логістика', 32, 'en'),
(126, '', 32, 'ru'),
(127, '', 32, 'ua'),
(128, '', 32, 'pl'),
(129, 'Транспортні послуги', 33, 'en'),
(130, '', 33, 'ru'),
(131, '', 33, 'ua'),
(132, '', 33, 'pl'),
(133, 'production_footer_menu', 34, 'en'),
(134, '', 34, 'ru'),
(135, '', 34, 'ua'),
(136, '', 34, 'pl'),
(137, 'Корми', 35, 'en'),
(138, '', 35, 'ru'),
(139, '', 35, 'ua'),
(140, '', 35, 'pl'),
(141, 'Переробка олійних культур', 36, 'en'),
(142, '', 36, 'ru'),
(143, '', 36, 'ua'),
(144, '', 36, 'pl'),
(145, 'custom_navigation', 37, 'en'),
(146, '', 37, 'ru'),
(147, '', 37, 'ua'),
(148, '', 37, 'pl'),
(149, 'ВИРОБНИЦТВО КОМБІКОРМІВ', 38, 'en'),
(150, '', 38, 'ru'),
(151, '', 38, 'ua'),
(152, '', 38, 'pl'),
(153, 'ВИРОБНИЦТВО ОЛІЙНИХ КУЛЬТУР', 39, 'en'),
(154, '', 39, 'ru'),
(155, '', 39, 'ua'),
(156, '', 39, 'pl'),
(157, 'СИРОВИНА ДЛЯ КОМБІКОРМІВ', 40, 'en'),
(158, '', 40, 'ru'),
(159, '', 40, 'ua'),
(160, '', 40, 'pl'),
(161, 'ПОСЛУГИ ЕЛЕВАТОРА', 41, 'en'),
(162, '', 41, 'ru'),
(163, '', 41, 'ua'),
(164, '', 41, 'pl'),
(165, 'ТРАНСПОРТНІ ПОСЛУГИ', 42, 'en'),
(166, '', 42, 'ru'),
(167, '', 42, 'ua'),
(168, '', 42, 'pl'),
(169, 'ЕКСПОРТ ЗЕРНОВИХ', 43, 'en'),
(170, '', 43, 'ru'),
(171, '', 43, 'ua'),
(172, '', 43, 'pl'),
(173, 'ЕКСПЕРТНА ЛОГІСТИКА', 44, 'en'),
(174, '', 44, 'ru'),
(175, '', 44, 'ua'),
(176, '', 44, 'pl'),
(177, 'fixed_sidebar', 45, 'en'),
(178, '', 45, 'ru'),
(179, '', 45, 'ua'),
(180, '', 45, 'pl'),
(181, 'ВИРОБНИЦТВО КОМБІКОРМІВ', 46, 'en'),
(182, '', 46, 'ru'),
(183, '', 46, 'ua'),
(184, '', 46, 'pl'),
(185, 'ВИРОБНИЦТВО ОЛІЙНИХ КУЛЬТУР', 47, 'en'),
(186, '', 47, 'ru'),
(187, '', 47, 'ua'),
(188, '', 47, 'pl'),
(189, 'СИРОВИНА ДЛЯ КОМБІКОРМІВ', 48, 'en'),
(190, '', 48, 'ru'),
(191, '', 48, 'ua'),
(192, '', 48, 'pl'),
(193, 'ПОСЛУГИ ЕЛЕВАТОРА', 49, 'en'),
(194, '', 49, 'ru'),
(195, '', 49, 'ua'),
(196, '', 49, 'pl'),
(197, 'ТРАНСПОРТНІ ПОСЛУГИ', 50, 'en'),
(198, '', 50, 'ru'),
(199, '', 50, 'ua'),
(200, '', 50, 'pl'),
(201, 'ЕКСПОРТ ЗЕРНОВИХ', 51, 'en'),
(202, '', 51, 'ru'),
(203, '', 51, 'ua'),
(204, '', 51, 'pl'),
(205, 'ЕКСПЕРТНА ЛОГІСТИКА', 52, 'en'),
(206, '', 52, 'ru'),
(207, '', 52, 'ua'),
(208, '', 52, 'pl'),
(209, 'ВНУТРІШНІЙ РИНОК', 53, 'en'),
(210, '', 53, 'ru'),
(211, '', 53, 'ua'),
(212, '', 53, 'pl'),
(213, 'ЕКСПОРТ', 54, 'en'),
(214, '', 54, 'ru'),
(215, '', 54, 'ua'),
(216, '', 54, 'pl'),
(217, 'ІСТОРІЯ', 55, 'en'),
(218, '', 55, 'ru'),
(219, '', 55, 'ua');

-- --------------------------------------------------------

--
-- Структура таблицы `tbl_meta_data`
--

CREATE TABLE IF NOT EXISTS `tbl_meta_data` (
  `id` int(11) NOT NULL AUTO_INCREMENT,
  `model` varchar(128) NOT NULL,
  `model_id` int(11) NOT NULL,
  `meta_title` varchar(255) DEFAULT NULL,
  `meta_keywords` text,
  `meta_description` text,
  PRIMARY KEY (`id`)
) ENGINE=InnoDB  DEFAULT CHARSET=utf8 AUTO_INCREMENT=68 ;

--
-- Дамп данных таблицы `tbl_meta_data`
--

INSERT INTO `tbl_meta_data` (`id`, `model`, `model_id`, `meta_title`, `meta_keywords`, `meta_description`) VALUES
(1, 'PostCat', 1, 'Category', 'Category', 'Category'),
(2, 'PostCat', 3, 'dfgdfg', 'dgfdfg', 'dfgdfgdfg'),
(3, 'Post', 1, 'rtret', 'ertert', 'ertert'),
(4, 'Lesson', 1, 'dfgdfg', 'dfgdgf', 'dfgdfgdfg'),
(5, 'LessonLanguage', 1, 'English', 'English', 'English'),
(6, 'LessonLanguage', 2, 'Spanish', 'Spanish', 'Spanish'),
(7, 'LessonLanguage', 3, 'French', 'French', 'French'),
(8, 'LessonLanguage', 4, 'German', 'German', 'German'),
(9, 'LessonLanguage', 5, 'Italian', 'Italian', 'Italian'),
(10, 'Post', 2, 'Circle programming for students', 'Circle programming for students', 'Circle programming for students'),
(11, 'Post', 3, '', '', ''),
(12, 'Post', 4, '', '', ''),
(13, 'Post', 5, '', '', ''),
(14, 'Post', 6, '', '', ''),
(15, 'Lesson', 2, '', '', ''),
(16, 'Lesson', 3, '', '', ''),
(17, 'Post', 7, 'dfgdfg', 'dfgdfg', 'dgfdgfg'),
(18, 'Post', 8, 'dfgdfg', 'dfgdfg', 'dgfdgfg'),
(19, 'Post', 9, 'rtytry', 'rtyrty', 'rtyrty'),
(20, 'Post', 10, '1111', '111', '1111'),
(21, 'Post', 11, 'sdfsdf', 'dsfsdf', 'sdfsdf'),
(22, 'Post', 12, 'fghfgh', 'fghfgh', 'fghfgh'),
(23, 'Post', 13, 'dsfds', 'fdsfsdf', 'dsfdsf'),
(24, 'Post', 14, '', '', ''),
(25, 'Lesson', 4, '', '', ''),
(26, 'Lesson', 5, '', '', ''),
(27, 'Lesson', 6, '', '', ''),
(28, 'Lesson', 7, '', '', ''),
(29, 'Lesson', 8, '', '', ''),
(30, 'Lesson', 9, '', '', ''),
(31, 'Lesson', 10, '', '', ''),
(32, 'Lesson', 11, '', '', ''),
(33, 'Post', 15, '', '', ''),
(34, 'Lesson', 12, '', '', ''),
(35, 'Lesson', 13, '', '', ''),
(36, 'Lesson', 14, '', '', ''),
(37, 'Lesson', 15, '', '', ''),
(38, 'Lesson', 16, '', '', ''),
(39, 'Lesson', 17, '', '', ''),
(40, 'Lesson', 18, '', '', ''),
(41, 'Lesson', 19, '', '', ''),
(42, 'Lesson', 20, '', '', ''),
(43, 'Lesson', 21, '', '', ''),
(44, 'Lesson', 22, '', '', ''),
(45, 'Lesson', 23, '', '', ''),
(46, 'Lesson', 24, '', '', ''),
(47, 'Lesson', 25, '', '', ''),
(48, 'Lesson', 26, '', '', ''),
(49, 'Lesson', 27, '', '', ''),
(50, 'Lesson', 28, '', '', ''),
(51, 'Lesson', 29, '', '', ''),
(52, 'Lesson', 30, '', '', ''),
(53, 'Lesson', 31, '', '', ''),
(54, 'Lesson', 32, '', '', ''),
(55, 'Lesson', 33, '', '', ''),
(56, 'Lesson', 34, '', '', ''),
(57, 'Lesson', 35, '', '', ''),
(58, 'Lesson', 36, '', '', ''),
(59, 'Lesson', 37, '', '', ''),
(60, 'Lesson', 38, '', '', ''),
(61, 'Lesson', 39, '', '', ''),
(62, 'Lesson', 40, '', '', ''),
(63, 'Lesson', 41, '', '', ''),
(64, 'Lesson', 42, '', '', ''),
(65, 'Lesson', 43, '', '', ''),
(66, 'Lesson', 44, '', '', ''),
(67, 'Lesson', 45, 'title title titile ', 'keywords, keywords', 'desc,desc,desc');

-- --------------------------------------------------------

--
-- Структура таблицы `tbl_meta_data_lang`
--

CREATE TABLE IF NOT EXISTS `tbl_meta_data_lang` (
  `id` int(11) NOT NULL AUTO_INCREMENT,
  `lang_id` varchar(6) NOT NULL,
  `data_id` int(11) NOT NULL,
  `l_meta_title` varchar(255) DEFAULT NULL,
  `l_meta_keywords` text,
  `l_meta_description` text,
  PRIMARY KEY (`id`),
  KEY `fk_tbl_meta_data_lang_tbl_meta_data` (`data_id`)
) ENGINE=InnoDB  DEFAULT CHARSET=utf8 AUTO_INCREMENT=135 ;

--
-- Дамп данных таблицы `tbl_meta_data_lang`
--

INSERT INTO `tbl_meta_data_lang` (`id`, `lang_id`, `data_id`, `l_meta_title`, `l_meta_keywords`, `l_meta_description`) VALUES
(1, 'en', 1, 'Category', 'Category', 'Category'),
(2, 'ru', 1, 'Категория в блоге', 'Категория в блоге', 'Категория в блоге'),
(3, 'en', 2, 'dfgdfg', 'dgfdfg', 'dfgdfgdfg'),
(4, 'ru', 2, 'вапвап вапва п', 'вапвап вап па ', 'вапвапаа вап па'),
(5, 'en', 3, 'rtret', 'ertert', 'ertert'),
(6, 'ru', 3, 'ававаавава', 'вавав', 'аввава'),
(7, 'en', 4, 'dfgdfg', 'dfgdgf', 'dfgdfgdfg'),
(8, 'ru', 4, 'вапвап', 'вапвп', 'вапвпвап'),
(9, 'en', 5, 'English', 'English', 'English'),
(10, 'ru', 5, 'Английский', 'Английский', 'Английский'),
(11, 'en', 6, 'Spanish', 'Spanish', 'Spanish'),
(12, 'ru', 6, 'Испанский', 'Испанский', 'Испанский'),
(13, 'en', 7, 'French', 'French', 'French'),
(14, 'ru', 7, 'Французкий', 'Французкий', 'Французкий'),
(15, 'en', 8, 'German', 'German', 'German'),
(16, 'ru', 8, 'Немецкий', 'Немецкий', 'Немецкий'),
(17, 'en', 9, 'Italian', 'Italian', 'Italian'),
(18, 'ru', 9, 'Итальянский', 'Итальянский', 'Итальянский'),
(19, 'en', 10, 'Circle programming for students', 'Circle programming for students', 'Circle programming for students'),
(20, 'ru', 10, 'Кружок по программированию для школьников', 'Кружок по программированию для школьников', 'Кружок по программированию для школьников'),
(21, 'en', 11, '', '', ''),
(22, 'ru', 11, '', '', ''),
(23, 'en', 12, '', '', ''),
(24, 'ru', 12, '', '', ''),
(25, 'en', 13, '', '', ''),
(26, 'ru', 13, '', '', ''),
(27, 'en', 14, '', '', ''),
(28, 'ru', 14, '', '', ''),
(29, 'en', 15, '', '', ''),
(30, 'ru', 15, '', '', ''),
(31, 'en', 16, '', '', ''),
(32, 'ru', 16, '', '', ''),
(33, 'en', 17, 'dfgdfg', 'dfgdfg', 'dgfdgfg'),
(34, 'ru', 17, 'dfgdfg', 'dfgdfg', 'dfgdfg'),
(35, 'en', 18, 'dfgdfg', 'dfgdfg', 'dgfdgfg'),
(36, 'ru', 18, 'dfgdfg', 'dfgdfg', 'dfgdfg'),
(37, 'en', 19, 'rtytry', 'rtyrty', 'rtyrty'),
(38, 'ru', 19, 'dfgdgf', 'dfg', 'dfg'),
(39, 'en', 20, '1111', '111', '1111'),
(40, 'ru', 20, '222', '222', '222'),
(41, 'en', 21, 'sdfsdf', 'dsfsdf', 'sdfsdf'),
(42, 'ru', 21, 'sdfsdf', 'dsfsdf', 'dsfsdf'),
(43, 'en', 22, 'fghfgh', 'fghfgh', 'fghfgh'),
(44, 'ru', 22, 'fggg', 'ggg', 'gg'),
(45, 'en', 23, 'dsfds', 'fdsfsdf', 'dsfdsf'),
(46, 'ru', 23, '', '', ''),
(47, 'en', 24, '', '', ''),
(48, 'ru', 24, 'dfsd', 'fsdfsd', 'fsdfsdf'),
(49, 'en', 25, '', '', ''),
(50, 'ru', 25, '', '', ''),
(51, 'en', 26, '', '', ''),
(52, 'ru', 26, '', '', ''),
(53, 'en', 27, '', '', ''),
(54, 'ru', 27, '', '', ''),
(55, 'en', 28, '', '', ''),
(56, 'ru', 28, '', '', ''),
(57, 'en', 29, '', '', ''),
(58, 'ru', 29, '', '', ''),
(59, 'en', 30, '', '', ''),
(60, 'ru', 30, '', '', ''),
(61, 'en', 31, '', '', ''),
(62, 'ru', 31, '', '', ''),
(63, 'en', 32, '', '', ''),
(64, 'ru', 32, '', '', ''),
(65, 'en', 33, '', '', ''),
(66, 'ru', 33, '', '', ''),
(67, 'en', 34, '', '', ''),
(68, 'ru', 34, '', '', ''),
(69, 'en', 35, '', '', ''),
(70, 'ru', 35, '', '', ''),
(71, 'en', 36, '', '', ''),
(72, 'ru', 36, '', '', ''),
(73, 'en', 37, '', '', ''),
(74, 'ru', 37, '', '', ''),
(75, 'en', 38, '', '', ''),
(76, 'ru', 38, '', '', ''),
(77, 'en', 39, '', '', ''),
(78, 'ru', 39, '', '', ''),
(79, 'en', 40, '', '', ''),
(80, 'ru', 40, '', '', ''),
(81, 'en', 41, '', '', ''),
(82, 'ru', 41, '', '', ''),
(83, 'en', 42, '', '', ''),
(84, 'ru', 42, '', '', ''),
(85, 'en', 43, '', '', ''),
(86, 'ru', 43, '', '', ''),
(87, 'en', 44, '', '', ''),
(88, 'ru', 44, '', '', ''),
(89, 'en', 45, '', '', ''),
(90, 'ru', 45, '', '', ''),
(91, 'en', 46, '', '', ''),
(92, 'ru', 46, '', '', ''),
(93, 'en', 47, '', '', ''),
(94, 'ru', 47, '', '', ''),
(95, 'en', 48, '', '', ''),
(96, 'ru', 48, '', '', ''),
(97, 'en', 49, '', '', ''),
(98, 'ru', 49, '', '', ''),
(99, 'en', 50, '', '', ''),
(100, 'ru', 50, '', '', ''),
(101, 'en', 51, '', '', ''),
(102, 'ru', 51, '', '', ''),
(103, 'en', 52, '', '', ''),
(104, 'ru', 52, '', '', ''),
(105, 'en', 53, '', '', ''),
(106, 'ru', 53, '', '', ''),
(107, 'en', 54, '', '', ''),
(108, 'ru', 54, '', '', ''),
(109, 'en', 55, '', '', ''),
(110, 'ru', 55, '', '', ''),
(111, 'en', 56, '', '', ''),
(112, 'ru', 56, '', '', ''),
(113, 'en', 57, '', '', ''),
(114, 'ru', 57, '', '', ''),
(115, 'en', 58, '', '', ''),
(116, 'ru', 58, '', '', ''),
(117, 'en', 59, '', '', ''),
(118, 'ru', 59, '', '', ''),
(119, 'en', 60, '', '', ''),
(120, 'ru', 60, '', '', ''),
(121, 'en', 61, '', '', ''),
(122, 'ru', 61, '', '', ''),
(123, 'en', 62, '', '', ''),
(124, 'ru', 62, '', '', ''),
(125, 'en', 63, '', '', ''),
(126, 'ru', 63, '', '', ''),
(127, 'en', 64, '', '', ''),
(128, 'ru', 64, '', '', ''),
(129, 'en', 65, '', '', ''),
(130, 'ru', 65, '', '', ''),
(131, 'en', 66, '', '', ''),
(132, 'ru', 66, '', '', ''),
(133, 'en', 67, 'title title titile ', 'keywords, keywords', 'desc,desc,desc'),
(134, 'ru', 67, '', '', '');

-- --------------------------------------------------------

--
-- Структура таблицы `tbl_migration`
--

CREATE TABLE IF NOT EXISTS `tbl_migration` (
  `version` varchar(255) NOT NULL,
  `apply_time` int(11) DEFAULT NULL,
  PRIMARY KEY (`version`)
) ENGINE=InnoDB DEFAULT CHARSET=utf8;

--
-- Дамп данных таблицы `tbl_migration`
--

INSERT INTO `tbl_migration` (`version`, `apply_time`) VALUES
('m000000_000000_base', 1402488511),
('m140409_084230_menu_add_template', 1402574456),
('m140611_064010_manager', 1402488515),
('m140611_065619_power', 1402488516),
('m140611_070013_news', 1402488516),
('m140611_070239_services', 1402488517),
('m140611_072415_production', 1402488518),
('m140611_075752_contact', 1402488519),
('m140612_122819_partner', 1402576338),
('m140612_130526_slider', 1402578405),
('m140612_131415_slider', 1402578903),
('m140612_132429_slider', 1402579516),
('m140613_073900_history', 1402645953),
('m140616_072339_company', 1402904246),
('m140616_094318_manager', 1402911967),
('m140618_084124_production_product', 1403080980),
('m140704_210736_area', 1404718385),
('m140704_210742_place', 1404718386),
('m140704_211011_phone', 1404718387),
('m140704_211336_email', 1404718387),
('m140707_080634_area', 1404720503),
('m140707_161909_place', 1404750018),
('m140728_071825_skype', 1406531982);

-- --------------------------------------------------------

--
-- Структура таблицы `tbl_migration_agrocorm`
--

CREATE TABLE IF NOT EXISTS `tbl_migration_agrocorm` (
  `version` varchar(255) NOT NULL,
  `apply_time` int(11) DEFAULT NULL,
  PRIMARY KEY (`version`)
) ENGINE=InnoDB DEFAULT CHARSET=utf8;

--
-- Дамп данных таблицы `tbl_migration_agrocorm`
--

INSERT INTO `tbl_migration_agrocorm` (`version`, `apply_time`) VALUES
('m000000_000000_base', 1402488485);

-- --------------------------------------------------------

--
-- Структура таблицы `tbl_migration_core`
--

CREATE TABLE IF NOT EXISTS `tbl_migration_core` (
  `version` varchar(255) NOT NULL,
  `apply_time` int(11) DEFAULT NULL,
  PRIMARY KEY (`version`)
) ENGINE=InnoDB DEFAULT CHARSET=utf8;

--
-- Дамп данных таблицы `tbl_migration_core`
--

INSERT INTO `tbl_migration_core` (`version`, `apply_time`) VALUES
('m000000_000000_base', 1388406954),
('m000000_000001_init', 1388406954),
('m130419_072033_menu', 1388406954),
('m130419_072041_params', 1388406954),
('m130716_111556_page', 1388406954),
('m130716_112104_route', 1388406954),
('m130829_074546_route_status_model', 1388406954),
('m130911_075154_menu_fields_add', 1388406954),
('m131106_094933_meta_data', 1389175774),
('m131106_102023_meta_data_ml', 1389175774),
('m140121_085740_page_menu_ml', 1390294969),
('m140122_131920_create_tables_settings', 1390397260),
('m140124_125114_table_profile', 1390569148),
('m140124_152118_table_social_network', 1390579592),
('m140128_140735_user_balance', 1390919784),
('m140128_150423_menu_css_class', 1390921540),
('m140129_080132_user_last_activity', 1390982574),
('m140129_130113_message', 1391000696),
('m140129_152148_message_language', 1391008979),
('m140131_124539_social_links', 1391172523),
('m140203_104906_test', 1391424591),
('m140203_115543_test_down', 1391428577),
('m140327_090218_page_layouts', 1395911478);

-- --------------------------------------------------------

--
-- Структура таблицы `tbl_migration_mailing`
--

CREATE TABLE IF NOT EXISTS `tbl_migration_mailing` (
  `version` varchar(255) NOT NULL,
  `apply_time` int(11) DEFAULT NULL,
  PRIMARY KEY (`version`)
) ENGINE=InnoDB DEFAULT CHARSET=utf8;

--
-- Дамп данных таблицы `tbl_migration_mailing`
--

INSERT INTO `tbl_migration_mailing` (`version`, `apply_time`) VALUES
('m000000_000000_base', 1390393003),
('m130819_070851_mail', 1390393003);

-- --------------------------------------------------------

--
-- Структура таблицы `tbl_migration_regionmap`
--

CREATE TABLE IF NOT EXISTS `tbl_migration_regionmap` (
  `version` varchar(255) NOT NULL,
  `apply_time` int(11) DEFAULT NULL,
  PRIMARY KEY (`version`)
) ENGINE=InnoDB DEFAULT CHARSET=utf8;

--
-- Дамп данных таблицы `tbl_migration_regionmap`
--

INSERT INTO `tbl_migration_regionmap` (`version`, `apply_time`) VALUES
('m000000_000000_base', 1404718063),
('m140704_210736_area', 1404749603),
('m140704_210742_place', 1404749604),
('m140704_211011_phone', 1404749605),
('m140704_211336_email', 1404749605),
('m140707_080634_area', 1404749606);

-- --------------------------------------------------------

--
-- Структура таблицы `tbl_migration_seotext`
--

CREATE TABLE IF NOT EXISTS `tbl_migration_seotext` (
  `version` varchar(255) NOT NULL,
  `apply_time` int(11) DEFAULT NULL,
  PRIMARY KEY (`version`)
) ENGINE=InnoDB DEFAULT CHARSET=utf8;

--
-- Дамп данных таблицы `tbl_migration_seotext`
--

INSERT INTO `tbl_migration_seotext` (`version`, `apply_time`) VALUES
('m000000_000000_base', 1391154604),
('m120221_192235_init', 1391154605);

-- --------------------------------------------------------

--
-- Структура таблицы `tbl_module`
--

CREATE TABLE IF NOT EXISTS `tbl_module` (
  `id` int(11) NOT NULL AUTO_INCREMENT,
  `name` varchar(125) NOT NULL,
  `title` varchar(125) NOT NULL,
  `description` varchar(255) NOT NULL,
  `options` text,
  `admin_controller` varchar(255) DEFAULT NULL,
  `version` varchar(45) NOT NULL,
  `author_name` varchar(125) NOT NULL,
  `author_url` varchar(125) NOT NULL,
  `author_email` varchar(125) NOT NULL,
  `status` tinyint(1) DEFAULT '1',
  PRIMARY KEY (`id`)
) ENGINE=InnoDB  DEFAULT CHARSET=utf8 AUTO_INCREMENT=12 ;

--
-- Дамп данных таблицы `tbl_module`
--

INSERT INTO `tbl_module` (`id`, `name`, `title`, `description`, `options`, `admin_controller`, `version`, `author_name`, `author_url`, `author_email`, `status`) VALUES
(1, 'gii', 'Gii', 'Gii module installer', '{"class":"system.gii.GiiModule","password":"0000","ipFilters":["*","::1"]}', '/default/index', '1.0.0', 'Web-logic', 'http://web-logic.biz', 'i@web-logic.biz', 1),
(5, 'mailing', 'Email рассылка', 'Модуль email рассылки', '{"host":"ssl:\\/\\/smtp.gmail.com","port":"465","login":"test@web-logic.biz","password":"web-logic"}', '/admin/default/index', '0.0.1', 'Web-logic', 'http://web-logic.biz', 'i@web-logic.biz', 1),
(8, 'agrocorm', 'agrocorm', 'Управление контентом сайта', 'null', '/admin/news/index', '0.0.1', 'Web-logic', 'http://web-logic.biz', 'i@web-logic.biz', 1),
(9, 'seotext', 'Seotext', 'Seotext Module', 'null', '/seotext/admin', '0.0.1', 'Web-logic', 'http://web-logic.biz', 'i@web-logic.biz', 1),
(11, 'regionmap', 'regionmap', 'Управление картами', 'null', '/admin/area/index', '0.0.1', 'Web-logic', 'http://web-logic.biz', 'i@web-logic.biz', 1);

-- --------------------------------------------------------

--
-- Структура таблицы `tbl_news`
--

CREATE TABLE IF NOT EXISTS `tbl_news` (
  `id` int(11) NOT NULL AUTO_INCREMENT,
  `name` text NOT NULL,
  `text` text,
  `image` varchar(255) DEFAULT NULL,
  `seo_link` text NOT NULL,
  `date_public` datetime NOT NULL,
  `date_create` datetime NOT NULL,
  `date_update` datetime NOT NULL,
  `type` tinyint(1) NOT NULL DEFAULT '0',
  `status` tinyint(1) NOT NULL DEFAULT '0',
  PRIMARY KEY (`id`)
) ENGINE=InnoDB DEFAULT CHARSET=utf8 AUTO_INCREMENT=1 ;

-- --------------------------------------------------------

--
-- Структура таблицы `tbl_news_lang`
--

CREATE TABLE IF NOT EXISTS `tbl_news_lang` (
  `id` int(11) NOT NULL AUTO_INCREMENT,
  `lang_id` varchar(6) NOT NULL,
  `news_id` int(11) NOT NULL,
  `l_name` text NOT NULL,
  `l_text` text,
  PRIMARY KEY (`id`),
  KEY `fk_tbl_news_lang_1` (`news_id`)
) ENGINE=InnoDB DEFAULT CHARSET=utf8 AUTO_INCREMENT=1 ;

-- --------------------------------------------------------

--
-- Структура таблицы `tbl_page`
--

CREATE TABLE IF NOT EXISTS `tbl_page` (
  `id` int(11) NOT NULL AUTO_INCREMENT,
  `title` varchar(255) NOT NULL,
  `content` text,
  `pub_date` timestamp NOT NULL DEFAULT CURRENT_TIMESTAMP ON UPDATE CURRENT_TIMESTAMP,
  `author_id` int(11) NOT NULL,
  `layouts` varchar(128) DEFAULT NULL,
  `is_main` tinyint(1) NOT NULL DEFAULT '0',
  PRIMARY KEY (`id`),
  KEY `fk_tbl_page_tbl_user` (`author_id`)
) ENGINE=InnoDB  DEFAULT CHARSET=utf8 AUTO_INCREMENT=14 ;

--
-- Дамп данных таблицы `tbl_page`
--

INSERT INTO `tbl_page` (`id`, `title`, `content`, `pub_date`, `author_id`, `layouts`, `is_main`) VALUES
(1, 'Title main page', '<p>Content Main Page</p>\r\n', '2012-06-20 11:00:00', 1, '', 1),
(3, 'header_link_shop', '<a class="shop-link" href="#">\r\n                    <img src="/themes/agrocorm/images/shop-link-img.jpg" alt=""/>\r\n                    <span class="info">Інтернет-магазин ТМ «Агрокорм»</span>\r\n                </a>', '2012-06-20 11:00:00', 1, '', 0),
(5, 'footer_copyright', '<p>Товариство з обмеженою відповідальністю «Агротехніка» входить до Агропромислової групи «Пан Курчак» - одне з його найбільших та найпотужніших підприємств. Одним із основних напрямків діяльності ТзОВ «Агротехніка» є виробництво та постачання повнораціонних комбікормів для сільськогосподарських тварин, птахів і риби та концентратів під торговою маркою «Агрокорм».</p>\r\n\r\n<p>&copy; 2014 Всі права захищено. ТМ &laquo;Агрокорм&raquo;.</p>\r\n', '2012-06-20 11:00:00', 1, '', 0),
(6, 'grafin_footer', '<a class="dib-model simple-footer" href="http://www.grafinstudio.com" id="grafin-footer" target="_blank">\r\n                        <span class="grafin-text">\r\n                            <span class="grafin-tooltip">\r\n                              <span class="grafin-tooltip-left-side"></span>\r\n                                <span class="grafin-tooltip-right-side">\r\n                                    <span class="grafin-phone">\r\n                                        +38 (0332)\r\n                                        <strong>28-64-34</strong>\r\n                                    </span>\r\n                                    <span class="grafin-site-address">www.grafinstudio.com</span>\r\n                                </span>\r\n                                <span class="grafin-triangle"></span>\r\n                            </span>\r\n                        </span>\r\n                        </a>\r\n                        <div class="gtitle">Зроблено в Графіні</div>', '2012-06-20 11:00:00', 1, '', 0),
(9, 'Переваги', '<h1>Наші переваги</h1>\r\n\r\n<div class="page-content-centered">\r\n<ul class="benefit">\r\n	<li>заводи оснащені <strong>сучасними європейськими лініями;</strong></li>\r\n	<li><strong>завдяки високим виробничим потужностям,</strong> компанія має можливість закуповувати сировину за найнижчими цінами, що позитивно впливає на вартість продукції;</li>\r\n	<li>постійно проводиться <strong>вивчення і впровадження нових компонентів</strong>, а також розробляються рецепти, що дозволяють значно покращувати якість і ефективність кормових сумішей;</li>\r\n	<li>всі корми проходять <strong>тестування на власних тваринах та птиці,</strong> і лише після покращення показників надходять у продаж;</li>\r\n	<li>передбачено <strong>можливість змінювати рецептуру за показники замовника,</strong> виготовляти корми по давальницькій схемі;</li>\r\n	<li><strong>якість сировини і готової продукції постійно контролюється власною, акредитованою лабораторією</strong> і підтверджуються органами держстандартів;</li>\r\n	<li>постійна присутність на зерновому ринку дає можливість <strong>створення міцних комерційних зв&rsquo;язків з вітчизняними та іноземними партнерами;</strong></li>\r\n	<li><strong>можливість, завдяки наявності продукції власного виробництва у великих обсягах, укладати форвардні контракти;</strong></li>\r\n	<li>прогнозуючи ситуацію у сільськогосподарському секторі та вчасно реагуючи на зміни, ми максимально <strong>наближуємо власне виробництво до попиту,</strong> тим самим підвищуючи його рентабельність.</li>\r\n</ul>\r\n</div>\r\n', '2012-06-20 11:00:00', 1, '', 0),
(11, 'footer_history_tree_root', '<div class="tree-root">\r\n<div class="post">\r\n<div class="data">31 січня 1996 року</div>\r\n\r\n<div class="name">Створення підприємства ТзОВ «Агротехніка»</div>\r\n\r\n<div class="info">Товариство з обмеженою відповідальністю «Агротехніка» входить до Агропромислової групи «Пан Курчак» - одне з його найбільших та найпотужніших підприємств.</div>\r\n</div>\r\n</div>', '2013-06-20 11:00:00', 1, '', 0),
(12, 'capacity_header', '<h1>ПОТУЖНОСТІ</h1>\r\n\r\n<div class="page-content-centered">\r\n<p><strong>Волшебный мир, в который он уже вступал, который уже возникал из туманных волн прошедшего, шевельнулся &mdash; и исчез.</strong></p>\r\n\r\n<p>Дорога из Марьина огибала лесок; легкая пыль лежала на ней, еще не тронутая со вчерашнего дня ни колесом, ни ногою. Базаров невольно посматривал вдоль той дороги, рвал и кусал траву, а сам все твердил про себя: &laquo;Экая глупость!&raquo; Утренний холодок заставил его раза два вздрогнуть...</p>\r\n</div>\r\n\r\n<div class="capacity">\r\n<h5>Карта потужностей ТМ &laquo;Агрокорм&raquo;</h5>\r\n<img alt="" class="im" src="/assets/7ea78960/elfinder/php/../files/capacity.jpg" style="width: 760px; height: 559px;" /></div>\r\n', '2013-06-20 11:00:00', 1, '', 0),
(13, 'capacity_text', '<p><strong>Волшебный мир, в который он уже вступал, который уже возникал из туманных волн прошедшего, шевельнулся —\r\n                и исчез.</strong></p>\r\n\r\n            <p>Дорога из Марьина огибала лесок; легкая пыль лежала на ней, еще не тронутая со вчерашнего дня ни\r\n                колесом, ни ногою. Базаров невольно посматривал вдоль той дороги, рвал и кусал траву, а сам все твердил\r\n                про себя: «Экая глупость!» Утренний холодок заставил его раза два вздрогнуть...</p>', '2013-06-20 11:00:00', 1, '', 0);

-- --------------------------------------------------------

--
-- Структура таблицы `tbl_page_lang`
--

CREATE TABLE IF NOT EXISTS `tbl_page_lang` (
  `id` int(11) NOT NULL AUTO_INCREMENT,
  `lang_id` varchar(6) NOT NULL,
  `page_id` int(11) NOT NULL,
  `l_title` varchar(255) NOT NULL,
  `l_content` text,
  PRIMARY KEY (`id`),
  KEY `fk_tbl_page_lang_tbl_page` (`page_id`)
) ENGINE=InnoDB  DEFAULT CHARSET=utf8 AUTO_INCREMENT=53 ;

--
-- Дамп данных таблицы `tbl_page_lang`
--

INSERT INTO `tbl_page_lang` (`id`, `lang_id`, `page_id`, `l_title`, `l_content`) VALUES
(1, 'en', 1, 'Title main page', '<p>Content Main Page</p>\r\n'),
(2, 'ru', 1, 'Title main page', ''),
(3, 'ua', 1, 'Title main page', ''),
(4, 'pl', 1, 'Title main page', ''),
(9, 'en', 3, 'header_link_shop', '<a class="shop-link" href="#">\r\n                    <img src="/themes/agrocorm/images/shop-link-img.jpg" alt=""/>\r\n                    <span class="info">Інтернет-магазин ТМ «Агрокорм»</span>\r\n                </a>'),
(10, 'ru', 3, '', ''),
(11, 'ua', 3, '', ''),
(12, 'pl', 3, '', ''),
(17, 'en', 5, 'footer_copyright', '<p>Товариство з обмеженою відповідальністю «Агротехніка» входить до Агропромислової групи «Пан Курчак» - одне з його найбільших та найпотужніших підприємств. Одним із основних напрямків діяльності ТзОВ «Агротехніка» є виробництво та постачання повнораціонних комбікормів для сільськогосподарських тварин, птахів і риби та концентратів під торговою маркою «Агрокорм».</p>\r\n\r\n<p>&copy; 2014 Всі права захищено. ТМ &laquo;Агрокорм&raquo;.</p>\r\n'),
(18, 'ru', 5, 'footer_copyright', ''),
(19, 'ua', 5, 'footer_copyright', ''),
(20, 'pl', 5, '', ''),
(21, 'en', 6, 'grafin_footer', '<a class="dib-model simple-footer" href="http://www.grafinstudio.com" id="grafin-footer" target="_blank">\r\n                        <span class="grafin-text">\r\n                            <span class="grafin-tooltip">\r\n                              <span class="grafin-tooltip-left-side"></span>\r\n                                <span class="grafin-tooltip-right-side">\r\n                                    <span class="grafin-phone">\r\n                                        +38 (0332)\r\n                                        <strong>28-64-34</strong>\r\n                                    </span>\r\n                                    <span class="grafin-site-address">www.grafinstudio.com</span>\r\n                                </span>\r\n                                <span class="grafin-triangle"></span>\r\n                            </span>\r\n                        </span>\r\n                        </a>\r\n                        <div class="gtitle">Зроблено в Графіні</div>'),
(22, 'ru', 6, '', ''),
(23, 'ua', 6, '', ''),
(24, 'pl', 6, '', ''),
(33, 'en', 9, 'Переваги', '<h1>Наші переваги</h1>\r\n\r\n<div class="page-content-centered">\r\n<ul class="benefit">\r\n	<li>заводи оснащені <strong>сучасними європейськими лініями;</strong></li>\r\n	<li><strong>завдяки високим виробничим потужностям,</strong> компанія має можливість закуповувати сировину за найнижчими цінами, що позитивно впливає на вартість продукції;</li>\r\n	<li>постійно проводиться <strong>вивчення і впровадження нових компонентів</strong>, а також розробляються рецепти, що дозволяють значно покращувати якість і ефективність кормових сумішей;</li>\r\n	<li>всі корми проходять <strong>тестування на власних тваринах та птиці,</strong> і лише після покращення показників надходять у продаж;</li>\r\n	<li>передбачено <strong>можливість змінювати рецептуру за показники замовника,</strong> виготовляти корми по давальницькій схемі;</li>\r\n	<li><strong>якість сировини і готової продукції постійно контролюється власною, акредитованою лабораторією</strong> і підтверджуються органами держстандартів;</li>\r\n	<li>постійна присутність на зерновому ринку дає можливість <strong>створення міцних комерційних зв&rsquo;язків з вітчизняними та іноземними партнерами;</strong></li>\r\n	<li><strong>можливість, завдяки наявності продукції власного виробництва у великих обсягах, укладати форвардні контракти;</strong></li>\r\n	<li>прогнозуючи ситуацію у сільськогосподарському секторі та вчасно реагуючи на зміни, ми максимально <strong>наближуємо власне виробництво до попиту,</strong> тим самим підвищуючи його рентабельність.</li>\r\n</ul>\r\n</div>\r\n'),
(34, 'ru', 9, 'Переваги', ''),
(35, 'ua', 9, 'Переваги', ''),
(36, 'pl', 9, 'Переваги', ''),
(41, 'en', 11, 'footer_history_tree_root', '<div class="tree-root">\r\n<div class="post">\r\n<div class="data">31 січня 1996 року</div>\r\n\r\n<div class="name">Створення підприємства ТзОВ «Агротехніка»</div>\r\n\r\n<div class="info">Товариство з обмеженою відповідальністю «Агротехніка» входить до Агропромислової групи «Пан Курчак» - одне з його найбільших та найпотужніших підприємств.</div>\r\n</div>\r\n</div>'),
(42, 'ru', 11, 'footer_history_tree_root', ''),
(43, 'ua', 11, 'footer_history_tree_root', ''),
(44, 'pl', 11, 'footer_history_tree_root', ''),
(45, 'en', 12, 'capacity_header', '<h1>ПОТУЖНОСТІ</h1>\r\n\r\n<div class="page-content-centered">\r\n<p><strong>Волшебный мир, в который он уже вступал, который уже возникал из туманных волн прошедшего, шевельнулся &mdash; и исчез.</strong></p>\r\n\r\n<p>Дорога из Марьина огибала лесок; легкая пыль лежала на ней, еще не тронутая со вчерашнего дня ни колесом, ни ногою. Базаров невольно посматривал вдоль той дороги, рвал и кусал траву, а сам все твердил про себя: &laquo;Экая глупость!&raquo; Утренний холодок заставил его раза два вздрогнуть...</p>\r\n</div>\r\n\r\n<div class="capacity">\r\n<h5>Карта потужностей ТМ &laquo;Агрокорм&raquo;</h5>\r\n<img alt="" class="im" src="/assets/7ea78960/elfinder/php/../files/capacity.jpg" style="width: 760px; height: 559px;" /></div>\r\n'),
(46, 'ru', 12, 'capacity_header', ''),
(47, 'ua', 12, 'capacity_header', ''),
(48, 'pl', 12, '', ''),
(49, 'en', 13, 'capacity_text', '<p><strong>Волшебный мир, в который он уже вступал, который уже возникал из туманных волн прошедшего, шевельнулся —\r\n                и исчез.</strong></p>\r\n\r\n            <p>Дорога из Марьина огибала лесок; легкая пыль лежала на ней, еще не тронутая со вчерашнего дня ни\r\n                колесом, ни ногою. Базаров невольно посматривал вдоль той дороги, рвал и кусал траву, а сам все твердил\r\n                про себя: «Экая глупость!» Утренний холодок заставил его раза два вздрогнуть...</p>'),
(50, 'ru', 13, '', ''),
(51, 'ua', 13, '', ''),
(52, 'pl', 13, '', '');

-- --------------------------------------------------------

--
-- Структура таблицы `tbl_params`
--

CREATE TABLE IF NOT EXISTS `tbl_params` (
  `id` int(11) NOT NULL AUTO_INCREMENT,
  `key` varchar(128) NOT NULL,
  `desc` varchar(128) NOT NULL,
  PRIMARY KEY (`id`)
) ENGINE=InnoDB  DEFAULT CHARSET=utf8 AUTO_INCREMENT=6 ;

--
-- Дамп данных таблицы `tbl_params`
--

INSERT INTO `tbl_params` (`id`, `key`, `desc`) VALUES
(1, 'adminEmail', 'Email администратора'),
(2, 'forward', 'Действие по умолчанию'),
(3, 'updateServer', 'Update server'),
(4, 'title_en', 'Заголовок страницы по умолчанию на английском'),
(5, 'title_ru', 'Заголовок страницы по умолчанию на русском');

-- --------------------------------------------------------

--
-- Структура таблицы `tbl_partner`
--

CREATE TABLE IF NOT EXISTS `tbl_partner` (
  `id` int(11) NOT NULL AUTO_INCREMENT,
  `name` text NOT NULL,
  `alt` text,
  `image` varchar(256) DEFAULT NULL,
  `link` text,
  `status` tinyint(1) NOT NULL DEFAULT '1',
  PRIMARY KEY (`id`)
) ENGINE=InnoDB  DEFAULT CHARSET=utf8 AUTO_INCREMENT=5 ;

--
-- Дамп данных таблицы `tbl_partner`
--

INSERT INTO `tbl_partner` (`id`, `name`, `alt`, `image`, `link`, `status`) VALUES
(1, 'Агропромгруппа', '', '5399a044675c0.jpg', 'http://www.pankurchak.ua/', 1),
(2, 'м''ясна точка ', '', '5399a0e50bc59.jpg', '', 1),
(3, 'європейський вектор', '', '5399a0f96fabe.jpg', 'http://www.eurovektor.volyn.ua/', 1),
(4, 'Сергій Мартиняк', '', '5399a114575f7.jpg', '', 0);

-- --------------------------------------------------------

--
-- Структура таблицы `tbl_partner_lang`
--

CREATE TABLE IF NOT EXISTS `tbl_partner_lang` (
  `id` int(11) NOT NULL AUTO_INCREMENT,
  `lang_id` varchar(6) NOT NULL,
  `partner_id` int(11) NOT NULL,
  `l_name` text,
  `l_alt` text,
  PRIMARY KEY (`id`),
  KEY `fk_tbl_partner_lang_1` (`partner_id`)
) ENGINE=InnoDB  DEFAULT CHARSET=utf8 AUTO_INCREMENT=17 ;

--
-- Дамп данных таблицы `tbl_partner_lang`
--

INSERT INTO `tbl_partner_lang` (`id`, `lang_id`, `partner_id`, `l_name`, `l_alt`) VALUES
(1, 'en', 1, 'Агропромгруппа', ''),
(2, 'ru', 1, '', ''),
(3, 'ua', 1, '', ''),
(4, 'pl', 1, '', ''),
(5, 'en', 2, 'м''ясна точка ', ''),
(6, 'ru', 2, '', ''),
(7, 'ua', 2, '', ''),
(8, 'pl', 2, '', ''),
(9, 'en', 3, 'європейський вектор', ''),
(10, 'ru', 3, '', ''),
(11, 'ua', 3, '', ''),
(12, 'pl', 3, '', ''),
(13, 'en', 4, 'Сергій Мартиняк', ''),
(14, 'ru', 4, '', ''),
(15, 'ua', 4, '', ''),
(16, 'pl', 4, '', '');

-- --------------------------------------------------------

--
-- Структура таблицы `tbl_phone`
--

CREATE TABLE IF NOT EXISTS `tbl_phone` (
  `id` int(11) NOT NULL AUTO_INCREMENT,
  `_id` varchar(128) DEFAULT NULL,
  `place_id` int(11) NOT NULL,
  `value` text,
  `permalink` text,
  `position` int(11) DEFAULT NULL,
  `status` tinyint(1) NOT NULL DEFAULT '1',
  PRIMARY KEY (`id`),
  KEY `fk_tbl_phone_place_1` (`place_id`)
) ENGINE=InnoDB  DEFAULT CHARSET=utf8 AUTO_INCREMENT=2 ;

--
-- Дамп данных таблицы `tbl_phone`
--

INSERT INTO `tbl_phone` (`id`, `_id`, `place_id`, `value`, `permalink`, `position`, `status`) VALUES
(1, '', 1, '+38 (0332) 78-65-28', '', NULL, 1);

-- --------------------------------------------------------

--
-- Структура таблицы `tbl_place`
--

CREATE TABLE IF NOT EXISTS `tbl_place` (
  `id` int(11) NOT NULL AUTO_INCREMENT,
  `_id` varchar(128) DEFAULT NULL,
  `area_id` int(11) NOT NULL,
  `address` text,
  `title` text,
  `permalink` text,
  `path` longtext,
  `position` int(11) DEFAULT NULL,
  `status` tinyint(1) NOT NULL DEFAULT '1',
  `marker` text,
  PRIMARY KEY (`id`),
  KEY `fk_tbl_place_area_1` (`area_id`)
) ENGINE=InnoDB  DEFAULT CHARSET=utf8 AUTO_INCREMENT=4 ;

--
-- Дамп данных таблицы `tbl_place`
--

INSERT INTO `tbl_place` (`id`, `_id`, `area_id`, `address`, `title`, `permalink`, `path`, `position`, `status`, `marker`) VALUES
(1, 'Луцк', 1, 'ул. Вахтангова 16, г. Луцьк, Волынская обл.', 'Центральный офис', NULL, 'M303.108,236.579c3.062-0.278,5.42-2.868,5.135-6.015c-0.271-2.989-3.056-5.116-6.118-4.838c-3.06,0.276-5.256,2.854-4.985,5.844C297.426,234.719,300.05,236.855,303.108,236.579', NULL, 1, '<div class="marker-1"><span>&nbsp;</span></div>'),
(2, '', 2, 'г. Джанкой', 'АР Крим', NULL, 'M1024.454,956.122c3.067,0.047,5.524-2.445,5.569-5.448c0.045-3-2.337-5.404-5.406-5.452c-3.068-0.045-5.691,2.285-5.736,5.284C1018.836,953.51,1021.386,956.076,1024.454,956.122', NULL, 1, '<div class="marker-25"><span>&nbsp;</span></div>'),
(3, 'Польща', 5, 'адрес города  в польще польска мова', 'Варшава польска мова', NULL, 'M95.779,367.646c0,2.792-2.264,5.056-5.056,5.056c-2.792,0-5.056-2.264-5.056-5.056s2.264-5.056,5.056-5.056\r\n	C93.515,362.59,95.779,364.853,95.779,367.646z', NULL, 1, '<div class="marker-1">&nbsp;</div>');

-- --------------------------------------------------------

--
-- Структура таблицы `tbl_place_lang`
--

CREATE TABLE IF NOT EXISTS `tbl_place_lang` (
  `id` int(11) NOT NULL AUTO_INCREMENT,
  `lang_id` varchar(6) NOT NULL,
  `place_id` int(11) NOT NULL,
  `l_address` text,
  `l_title` text,
  `l_permalink` text,
  PRIMARY KEY (`id`),
  KEY `fk_tbl_place_lang_1` (`place_id`)
) ENGINE=InnoDB  DEFAULT CHARSET=utf8 AUTO_INCREMENT=10 ;

--
-- Дамп данных таблицы `tbl_place_lang`
--

INSERT INTO `tbl_place_lang` (`id`, `lang_id`, `place_id`, `l_address`, `l_title`, `l_permalink`) VALUES
(1, 'en', 1, 'ул. Вахтангова 16, г. Луцьк, Волынская обл.', 'Центральный офис', NULL),
(2, 'ru', 1, 'ул. Вахтангова 16, г. Луцьк, Волынская обл.', 'Центральный офис', NULL),
(3, 'ua', 1, 'вул. Вахтангова 16, м. Луцьк, Волинська обл.', 'Центральний офіс', NULL),
(4, 'en', 2, 'г. Джанкой', 'АР Крим', NULL),
(5, 'ru', 2, 'г. Джанкой', 'АР Крим', NULL),
(6, 'ua', 2, 'г. Джанкой', 'АР Крим', NULL),
(7, 'en', 3, 'адрес города  в польще польска мова', 'Варшава польска мова', NULL),
(8, 'ru', 3, 'руска мова', 'руска мова', NULL),
(9, 'ua', 3, 'укр мова', 'укр мова', NULL);

-- --------------------------------------------------------

--
-- Структура таблицы `tbl_power`
--

CREATE TABLE IF NOT EXISTS `tbl_power` (
  `id` int(11) NOT NULL AUTO_INCREMENT,
  `title` text NOT NULL,
  `text` text NOT NULL,
  `image` text,
  `status` tinyint(1) NOT NULL DEFAULT '1',
  PRIMARY KEY (`id`)
) ENGINE=InnoDB  DEFAULT CHARSET=utf8 AUTO_INCREMENT=8 ;

--
-- Дамп данных таблицы `tbl_power`
--

INSERT INTO `tbl_power` (`id`, `title`, `text`, `image`, `status`) VALUES
(1, 'Зерносховище (елеватор) смт. Локачі', '<p><strong>Адреса потужностей:</strong><br />\r\nвул. Шевченка 14, смт.Локачі, Локачинський район, Волинська область, 45300.</p>\r\n\r\n<p><strong>Сертифікат</strong> відповідності послуг із зберігання зерна та продуктів його переробки виданий Державною інспекцією сільського господарства України від 03 жовтня 2013 року №6398<br />\r\nВсі склади обладнані активною вентиляцією, що забезпечує довгострокове зберігання. ВТЛ(виробнича технологічна лабораторія) акредитована та забезпечує відповідність якісних показників під час прийому, доробки( очистки та сушіння), зберігання. Приймання зерна здійснюється у відповідності до&nbsp; &laquo;Інструкції про ведення обліку й оформлення операцій із зерном і продуктами його переробки на хлібоприймальних та зернопереробних підприємствах&raquo;, затвердженої наказом Міністерства аграрної політики України № 661 від 13.10 2008р. та діючими державними стандартами для кожного конкретного виду зерна.Відвантаження зерна здійснюється у відповідності до вимог Інструкції та Положення про обіг складських документів на зерно, затвердженим наказом міністерства аграрної політики України&nbsp; від 27.06.2003 № 198.<br />\r\nЗерносклад обладнаний 2 сучасними зерносушильними комплексами. <strong>МС1195 ВЕМ -нижня сушка</strong><strong>, </strong><strong>VGT6413- верхня сушка.</strong></p>\r\n\r\n<p><strong>ТЕХНИЧНА ХАРАКТЕРИСТИКА</strong><br />\r\nзернового складу смт.Локачі.</p>\r\n\r\n<ol>\r\n	<li>&nbsp;Тип зернового складу: силосний</li>\r\n	<li>&nbsp;Потужність з зберігання 10000тон: силос№1-5000тон, силос №2-5000тон.</li>\r\n	<li>&nbsp;Добова пропускна потужність: приймання з автомобіля 350тон., відвантаження на автомобіль 250тон.</li>\r\n	<li>&nbsp;Потужності по доробці (очистка, сушка):</li>\r\n</ol>\r\n\r\n<ul>\r\n	<li style="margin-left: 40px;">пшениця, ячмінь - 1200 тон в добу</li>\r\n	<li style="margin-left: 40px;">кукурудза - 550 тон в добу</li>\r\n	<li style="margin-left: 40px;">ріпак - 300 тон в добу</li>\r\n	<li style="margin-left: 40px;">соя - 800 тон в добу.</li>\r\n</ul>\r\n\r\n<p>5. Застосовані енергоносії - газ, електроенергія.</p>\r\n', '539ac20d5ad69.jpg', 1),
(2, 'Зерносховище Турійськ', '<p><strong>Місцезнаходження</strong>: вул. Паралельна 33, смт.Турійськ, Турійського район, Волинська область.</p>\r\n\r\n<p><strong>Сертифікат</strong> відповідності послуг із зберігання зерна та продуктів його переробки виданий Державною інспекцією сільського господарства України (сертифікація проводиться в даний час)<br />\r\nВсі склади обладнані активною вентиляцією, що забезпечує довгострокове зберігання.<br />\r\nВТЛ(виробнича технологічна лабораторія) акредитована та забезпечує відповідність якісних показників під час прийому, доробки( очистки та сушіння), зберігання.<br />\r\nПриймання зерна здійснюється у відповідності до&nbsp; &laquo;Інструкції про ведення обліку й оформлення операцій із зерном і продуктами його переробки на хлібоприймальних та зернопереробних підприємствах&raquo;, затвердженої наказом Міністерства аграрної політики України № 661 від 13.10 2008р. та діючими державними стандартами для кожного конкретного виду зерна<br />\r\nВідвантаження зерна здійснюється у відповідності до вимог Інструкції та Положення про обіг складських документів на зерно, затвердженим наказом міністерства аграрної політики України&nbsp; від 27.06.2003 № 198.</p>\r\n\r\n<p><strong>ТЕХНИЧНА ХАРАКТЕРИСТИКА</strong><br />\r\nзернового складу смт.Турійськ.</p>\r\n\r\n<ol>\r\n	<li>&nbsp;Тип зернового складу: силосний, напільний .</li>\r\n	<li>&nbsp;Потужність з зберігання силосний 3000тон: силос№1-1500тон, силос №2-1500тон, напільний 7200 тон: склад№3 -1200тон, склад №4- 2800тон, склад№5 -3200 тон.</li>\r\n	<li>&nbsp;Добова пропускна потужність: приймання з автомобіля 350тон., відвантаження на автомобіль 250тон., приймання з залізничного транспорту 250тон., відвантаження на залізничний транспорт до 400тон.</li>\r\n	<li>Потужності по доробці (очистка, сушка):</li>\r\n</ol>\r\n\r\n<ul>\r\n	<li style="margin-left: 40px;">пшениця, ячмінь - 200 тон в добу</li>\r\n	<li style="margin-left: 40px;">кукурудза - 150 тон в добу</li>\r\n	<li style="margin-left: 40px;">ріпак - 120 тон в добу</li>\r\n	<li style="margin-left: 40px;">соя - 120 тон в добу.</li>\r\n</ul>\r\n\r\n<p><strong>&nbsp; &nbsp; &nbsp; 5. </strong>Застосовані енергоносії - газ, електроенергія.</p>\r\n', '53b2e1e98449c.jpg', 1),
(3, 'Зерносховище с.Чаруків', '<p><strong>Місцезнаходження зерносховищ</strong>:<br />\r\nвул. Завокзальна 156, с.Чаруків, Луцький район, Волинська область, .</p>\r\n\r\n<p><strong>Сертифікат</strong> відповідності послуг із зберігання зерна та продуктів його переробки виданий Державною інспекцією сільського господарства України( після добудови першої черги буде сертифікація)<br />\r\nВсі склади обладнані активною вентиляцією, що забезпечує довгострокове зберігання.<br />\r\nВТЛ(виробнича технологічна лабораторія) акредитована та забезпечує відповідність якісних показників під час прийому, доробки( очистки та сушіння), зберігання.<br />\r\nПриймання зерна здійснюється у відповідності до&nbsp; &laquo;Інструкції про ведення обліку й оформлення операцій із зерном і продуктами його переробки на хлібоприймальних та зернопереробних підприємствах&raquo;, затвердженої наказом Міністерства аграрної політики України № 661 від 13.10 2008р. та діючими державними стандартами для кожного конкретного виду зерна<br />\r\nВідвантаження зерна здійснюється у відповідності до вимог Інструкції та Положення про обіг складських документів на зерно, затвердженим наказом міністерства аграрної політики України&nbsp; від 27.06.2003 № 198<br />\r\nЗерносклад обладнаний&nbsp; сучасним зерносушильними комплексом на альтернативному паливі(салома) .</p>\r\n\r\n<p><strong>ТЕХНИЧНА ХАРАКТЕРИСТИКА</strong><br />\r\nзернового складу с.Чаруків.</p>\r\n\r\n<ol>\r\n	<li>&nbsp;Тип зернового складу: силосний</li>\r\n	<li>&nbsp;Потужність з зберігання 15000тон: силос№1-5000тон(збудований), силос №2-5000тон.(збудований),силос№3-5000тон(будується),</li>\r\n	<li>&nbsp;Добова пропускна потужність: приймання з автомобіля 350тон., відвантаження на автомобіль 250тон., завантаження на залізничний транспорт до 600тон.</li>\r\n	<li>Потужності по доробці (очистка, сушка):</li>\r\n</ol>\r\n\r\n<ul style="margin-left: 40px;">\r\n	<li>пшениця, ячмінь - 600 тон в добу</li>\r\n	<li>кукурудза - 200 тон в добу</li>\r\n	<li>ріпак - 300 тон в добу</li>\r\n	<li>соя - 300 тон в добу</li>\r\n</ul>\r\n\r\n<p>&nbsp; &nbsp; &nbsp; 5. Застосовані енергоносії - солома, електроенергія.</p>\r\n', '53b2e26cb0ab2.jpg', 1),
(4, 'Олійний цех (м.Турійськ, вул.Паралельна, 35)', '<p><strong><u>Олійний цех </u></strong><u>(</u>м.Турійськ, вул.Паралельна, 35)</p>\r\n\r\n<p>&nbsp;</p>\r\n\r\n<p>&nbsp;</p>\r\n\r\n<p>&nbsp;</p>\r\n', '53b2e2839bcf8.jpg', 1),
(5, 'Завод по виготовленню комбікормів', '<p>м.Турійськ, вул.Паралельна, 33</p>\r\n\r\n<p>&nbsp;</p>\r\n\r\n<p>&nbsp;</p>\r\n\r\n<p>&nbsp;</p>\r\n', '53b2e29878579.jpg', 1),
(6, 'Завод по виготовленню комбікормів', '<p>м. Локачі, вул.Шевченка, 14</p>\r\n\r\n<p>&nbsp;</p>\r\n\r\n<p>&nbsp;</p>\r\n\r\n<p>&nbsp;</p>\r\n', '53b2e2b033f29.jpg', 1),
(7, 'Транспортне депо', '<p>м. Локачі, вул.Шевченка, 14 та м.Турійськ, вул.Паралельна, 35</p>\r\n', '53b2e2ca07544.jpg', 1);

-- --------------------------------------------------------

--
-- Структура таблицы `tbl_power_lang`
--

CREATE TABLE IF NOT EXISTS `tbl_power_lang` (
  `id` int(11) NOT NULL AUTO_INCREMENT,
  `lang_id` varchar(6) NOT NULL,
  `power_id` int(11) NOT NULL,
  `l_title` text,
  `l_text` text,
  PRIMARY KEY (`id`),
  KEY `fk_tbl_power_lang_1` (`power_id`)
) ENGINE=InnoDB  DEFAULT CHARSET=utf8 AUTO_INCREMENT=23 ;

--
-- Дамп данных таблицы `tbl_power_lang`
--

INSERT INTO `tbl_power_lang` (`id`, `lang_id`, `power_id`, `l_title`, `l_text`) VALUES
(1, 'en', 1, 'Зерносховище (елеватор) смт. Локачі', '<p><strong>Адреса потужностей:</strong><br />\r\nвул. Шевченка 14, смт.Локачі, Локачинський район, Волинська область, 45300.</p>\r\n\r\n<p><strong>Сертифікат</strong> відповідності послуг із зберігання зерна та продуктів його переробки виданий Державною інспекцією сільського господарства України від 03 жовтня 2013 року №6398<br />\r\nВсі склади обладнані активною вентиляцією, що забезпечує довгострокове зберігання. ВТЛ(виробнича технологічна лабораторія) акредитована та забезпечує відповідність якісних показників під час прийому, доробки( очистки та сушіння), зберігання. Приймання зерна здійснюється у відповідності до&nbsp; &laquo;Інструкції про ведення обліку й оформлення операцій із зерном і продуктами його переробки на хлібоприймальних та зернопереробних підприємствах&raquo;, затвердженої наказом Міністерства аграрної політики України № 661 від 13.10 2008р. та діючими державними стандартами для кожного конкретного виду зерна.Відвантаження зерна здійснюється у відповідності до вимог Інструкції та Положення про обіг складських документів на зерно, затвердженим наказом міністерства аграрної політики України&nbsp; від 27.06.2003 № 198.<br />\r\nЗерносклад обладнаний 2 сучасними зерносушильними комплексами. <strong>МС1195 ВЕМ -нижня сушка</strong><strong>, </strong><strong>VGT6413- верхня сушка.</strong></p>\r\n\r\n<p><strong>ТЕХНИЧНА ХАРАКТЕРИСТИКА</strong><br />\r\nзернового складу смт.Локачі.</p>\r\n\r\n<ol>\r\n	<li>&nbsp;Тип зернового складу: силосний</li>\r\n	<li>&nbsp;Потужність з зберігання 10000тон: силос№1-5000тон, силос №2-5000тон.</li>\r\n	<li>&nbsp;Добова пропускна потужність: приймання з автомобіля 350тон., відвантаження на автомобіль 250тон.</li>\r\n	<li>&nbsp;Потужності по доробці (очистка, сушка):</li>\r\n</ol>\r\n\r\n<ul>\r\n	<li style="margin-left: 40px;">пшениця, ячмінь - 1200 тон в добу</li>\r\n	<li style="margin-left: 40px;">кукурудза - 550 тон в добу</li>\r\n	<li style="margin-left: 40px;">ріпак - 300 тон в добу</li>\r\n	<li style="margin-left: 40px;">соя - 800 тон в добу.</li>\r\n</ul>\r\n\r\n<p>5. Застосовані енергоносії - газ, електроенергія.</p>\r\n'),
(2, 'ru', 1, NULL, ''),
(3, 'ua', 1, NULL, ''),
(4, 'pl', 1, NULL, NULL),
(5, 'en', 2, 'Зерносховище Турійськ', '<p><strong>Місцезнаходження</strong>: вул. Паралельна 33, смт.Турійськ, Турійського район, Волинська область.</p>\r\n\r\n<p><strong>Сертифікат</strong> відповідності послуг із зберігання зерна та продуктів його переробки виданий Державною інспекцією сільського господарства України (сертифікація проводиться в даний час)<br />\r\nВсі склади обладнані активною вентиляцією, що забезпечує довгострокове зберігання.<br />\r\nВТЛ(виробнича технологічна лабораторія) акредитована та забезпечує відповідність якісних показників під час прийому, доробки( очистки та сушіння), зберігання.<br />\r\nПриймання зерна здійснюється у відповідності до&nbsp; &laquo;Інструкції про ведення обліку й оформлення операцій із зерном і продуктами його переробки на хлібоприймальних та зернопереробних підприємствах&raquo;, затвердженої наказом Міністерства аграрної політики України № 661 від 13.10 2008р. та діючими державними стандартами для кожного конкретного виду зерна<br />\r\nВідвантаження зерна здійснюється у відповідності до вимог Інструкції та Положення про обіг складських документів на зерно, затвердженим наказом міністерства аграрної політики України&nbsp; від 27.06.2003 № 198.</p>\r\n\r\n<p><strong>ТЕХНИЧНА ХАРАКТЕРИСТИКА</strong><br />\r\nзернового складу смт.Турійськ.</p>\r\n\r\n<ol>\r\n	<li>&nbsp;Тип зернового складу: силосний, напільний .</li>\r\n	<li>&nbsp;Потужність з зберігання силосний 3000тон: силос№1-1500тон, силос №2-1500тон, напільний 7200 тон: склад№3 -1200тон, склад №4- 2800тон, склад№5 -3200 тон.</li>\r\n	<li>&nbsp;Добова пропускна потужність: приймання з автомобіля 350тон., відвантаження на автомобіль 250тон., приймання з залізничного транспорту 250тон., відвантаження на залізничний транспорт до 400тон.</li>\r\n	<li>Потужності по доробці (очистка, сушка):</li>\r\n</ol>\r\n\r\n<ul>\r\n	<li style="margin-left: 40px;">пшениця, ячмінь - 200 тон в добу</li>\r\n	<li style="margin-left: 40px;">кукурудза - 150 тон в добу</li>\r\n	<li style="margin-left: 40px;">ріпак - 120 тон в добу</li>\r\n	<li style="margin-left: 40px;">соя - 120 тон в добу.</li>\r\n</ul>\r\n\r\n<p><strong>&nbsp; &nbsp; &nbsp; 5. </strong>Застосовані енергоносії - газ, електроенергія.</p>\r\n'),
(6, 'ru', 2, NULL, ''),
(7, 'ua', 2, NULL, ''),
(8, 'en', 3, 'Зерносховище с.Чаруків', '<p><strong>Місцезнаходження зерносховищ</strong>:<br />\r\nвул. Завокзальна 156, с.Чаруків, Луцький район, Волинська область, .</p>\r\n\r\n<p><strong>Сертифікат</strong> відповідності послуг із зберігання зерна та продуктів його переробки виданий Державною інспекцією сільського господарства України( після добудови першої черги буде сертифікація)<br />\r\nВсі склади обладнані активною вентиляцією, що забезпечує довгострокове зберігання.<br />\r\nВТЛ(виробнича технологічна лабораторія) акредитована та забезпечує відповідність якісних показників під час прийому, доробки( очистки та сушіння), зберігання.<br />\r\nПриймання зерна здійснюється у відповідності до&nbsp; &laquo;Інструкції про ведення обліку й оформлення операцій із зерном і продуктами його переробки на хлібоприймальних та зернопереробних підприємствах&raquo;, затвердженої наказом Міністерства аграрної політики України № 661 від 13.10 2008р. та діючими державними стандартами для кожного конкретного виду зерна<br />\r\nВідвантаження зерна здійснюється у відповідності до вимог Інструкції та Положення про обіг складських документів на зерно, затвердженим наказом міністерства аграрної політики України&nbsp; від 27.06.2003 № 198<br />\r\nЗерносклад обладнаний&nbsp; сучасним зерносушильними комплексом на альтернативному паливі(салома) .</p>\r\n\r\n<p><strong>ТЕХНИЧНА ХАРАКТЕРИСТИКА</strong><br />\r\nзернового складу с.Чаруків.</p>\r\n\r\n<ol>\r\n	<li>&nbsp;Тип зернового складу: силосний</li>\r\n	<li>&nbsp;Потужність з зберігання 15000тон: силос№1-5000тон(збудований), силос №2-5000тон.(збудований),силос№3-5000тон(будується),</li>\r\n	<li>&nbsp;Добова пропускна потужність: приймання з автомобіля 350тон., відвантаження на автомобіль 250тон., завантаження на залізничний транспорт до 600тон.</li>\r\n	<li>Потужності по доробці (очистка, сушка):</li>\r\n</ol>\r\n\r\n<ul style="margin-left: 40px;">\r\n	<li>пшениця, ячмінь - 600 тон в добу</li>\r\n	<li>кукурудза - 200 тон в добу</li>\r\n	<li>ріпак - 300 тон в добу</li>\r\n	<li>соя - 300 тон в добу</li>\r\n</ul>\r\n\r\n<p>&nbsp; &nbsp; &nbsp; 5. Застосовані енергоносії - солома, електроенергія.</p>\r\n'),
(9, 'ru', 3, NULL, ''),
(10, 'ua', 3, NULL, ''),
(11, 'en', 4, 'Олійний цех (м.Турійськ, вул.Паралельна, 35)', '<p><strong><u>Олійний цех </u></strong><u>(</u>м.Турійськ, вул.Паралельна, 35)</p>\r\n\r\n<p>&nbsp;</p>\r\n\r\n<p>&nbsp;</p>\r\n\r\n<p>&nbsp;</p>\r\n'),
(12, 'ru', 4, NULL, ''),
(13, 'ua', 4, NULL, ''),
(14, 'en', 5, 'Завод по виготовленню комбікормів', '<p>м.Турійськ, вул.Паралельна, 33</p>\r\n\r\n<p>&nbsp;</p>\r\n\r\n<p>&nbsp;</p>\r\n\r\n<p>&nbsp;</p>\r\n'),
(15, 'ru', 5, NULL, ''),
(16, 'ua', 5, NULL, ''),
(17, 'en', 6, 'Завод по виготовленню комбікормів', '<p>м. Локачі, вул.Шевченка, 14</p>\r\n\r\n<p>&nbsp;</p>\r\n\r\n<p>&nbsp;</p>\r\n\r\n<p>&nbsp;</p>\r\n'),
(18, 'ru', 6, NULL, ''),
(19, 'ua', 6, NULL, ''),
(20, 'en', 7, 'Транспортне депо', '<p>м. Локачі, вул.Шевченка, 14 та м.Турійськ, вул.Паралельна, 35</p>\r\n'),
(21, 'ru', 7, NULL, ''),
(22, 'ua', 7, NULL, '');

-- --------------------------------------------------------

--
-- Структура таблицы `tbl_production`
--

CREATE TABLE IF NOT EXISTS `tbl_production` (
  `id` int(11) NOT NULL AUTO_INCREMENT,
  `title` text NOT NULL,
  `header` text,
  `content` text,
  `footer` text,
  `file` varchar(255) DEFAULT NULL,
  `manager_id` int(11) NOT NULL,
  `seo_link` text NOT NULL,
  `date_create` datetime NOT NULL,
  `date_update` datetime NOT NULL,
  `status` tinyint(1) NOT NULL DEFAULT '0',
  `type` tinyint(1) NOT NULL DEFAULT '0',
  PRIMARY KEY (`id`),
  KEY `fk_tbl_production_1` (`manager_id`)
) ENGINE=InnoDB  DEFAULT CHARSET=utf8 AUTO_INCREMENT=6 ;

--
-- Дамп данных таблицы `tbl_production`
--

INSERT INTO `tbl_production` (`id`, `title`, `header`, `content`, `footer`, `file`, `manager_id`, `seo_link`, `date_create`, `date_update`, `status`, `type`) VALUES
(2, 'Корми', '<p><img alt="" class="img-full " src="/themes/agrocorm/images/feed.jpg" style="box-sizing: border-box; border: 0px; vertical-align: middle; color: rgb(51, 51, 51); line-height: 20px; background-color: rgb(255, 255, 255);" /></p>\r\n\r\n<p style="box-sizing: border-box; margin-right: 0px; margin-bottom: 20px; margin-left: 0px; line-height: 20px; color: rgb(51, 51, 51); background-color: rgb(255, 255, 255);"><span style="box-sizing: border-box; font-weight: 700;">ТзОВ &laquo;Агротехніка&raquo; - частина Агропромислової групи &laquo;Пан Курчак&raquo;. Підприємство займається виробництвом і постачанням повнораціонних комбікормів та концентратів під торговою маркою &laquo;Агрокорм&raquo; для сільськогосподарських тварин, птахів і риби.</span></p>\r\n\r\n<p>Два заводи з високотехнологічним обладнанням і повна автоматизація виробництва дозволяють виготовляти широкий асортимент комбікормів, легко змінюючи рецептуру, вигляд і спосіб пакування.</p>\r\n\r\n<p style="box-sizing: border-box; margin: 0px 0px 20px; line-height: 20px; color: rgb(51, 51, 51); background-color: rgb(255, 255, 255);">Середньомісячна потужність заводів складає 12000 тон гранульованого комбікорму. Заводи оснащені новими високотехнологічними лініями європейського виробництва.Для виробництва використовуються премікси світового лідера з виробництва вітамінів та преміксів компанії DSM. ТзОВ &laquo;Агротехніка&raquo; має прями контракти по закупівлі преміксів у компанії DSM.</p>\r\n', '<p style="box-sizing: border-box; margin: 0px 0px 10px; padding-right: 30px; color: rgb(51, 51, 51); line-height: 20px; background-color: rgb(255, 255, 255);">На сьогодні комбікорми виготовляються в трьох станах: гранулах, крупці, розсипу. На підприємствах компанії постійно проводиться вивчення і впровадження нових компонентів, а також розробляються рецепти, що дозволяють значно покращувати якість і ефективність кормових сумішей.За бажанням клієнтів можна використовувати різні види преміксів , амінокислот тощо для досягнення кращих показників конверсії кормів та концентратів для виробництва кормів.<br />\r\n<br />\r\nЯкість сировини і готової продукції постійно контролюється власною, акредитованою лабораторією, обладнаною сучасними приладами. Результати дослідів, які проводяться персоналом лабораторії, підтверджуються органами держстандартів.<br />\r\n<br />\r\nЗавдяки високим виробничим можливостям і ефективному плануванню, компанія повністю забезпечує комбікормами підприємства Агропромгрупи &laquo;Пан Курчак&raquo;, а також здійснює поставку комбікормової продукції іншим підприємствам галузі. Для населення компанія пропонує комбікорми фасовані по 10, 25, 40 кг.&nbsp;<br />\r\n<br />\r\nДоставка насипних комбікормів здійснюється власним спеціалізованим транспортом вантажопідйомністю від 16 до 32 тон. Використання пневмотехнології при розвантаженні кормів дозволяє звести до мінімуму участь людини.<br />\r\n<br />\r\n<strong>ТзОВ &laquo;Агротехніка&raquo; пропонує:</strong><br />\r\n<br />\r\n1.1. Комбікорм повнораціонний для сільськогосподарських тварин, птахів і риби (розсипний, гранульований, крупка).<br />\r\n1.2. Концентрати.<br />\r\n1.3. Фасовані зернові та білкові суміші (40 кг).<br />\r\n2. Сировину для виробництва комбікормів: премікси, метіонін, треонін, лізин, монокальцій-фосфат та інше.<br />\r\n3. Доставку комбікормів клієнту власним спеціалізованим транспортом вантажопідйомністю від 16 до 32 тон.<br />\r\n<br />\r\n<strong>Наші переваги:</strong></p>\r\n\r\n<ul>\r\n	<li style="box-sizing: border-box; margin: 0px 0px 10px; padding-right: 30px; color: rgb(51, 51, 51); line-height: 20px; background-color: rgb(255, 255, 255);">Заводи оснащені сучасними європейськими лініями.</li>\r\n	<li style="box-sizing: border-box; margin: 0px 0px 10px; padding-right: 30px; color: rgb(51, 51, 51); line-height: 20px; background-color: rgb(255, 255, 255);">Завдяки високим виробничим потужностям, компанія має можливість закуповувати сировину по найнижчим цінам, що позитивно впливає на вартість продукції.</li>\r\n	<li style="box-sizing: border-box; margin: 0px 0px 10px; padding-right: 30px; color: rgb(51, 51, 51); line-height: 20px; background-color: rgb(255, 255, 255);">постійно проводиться вивчення і впровадження нових компонентів, а також розробляються рецепти, що дозволяють значно покращувати якість і ефективність кормових сумішей.</li>\r\n	<li style="box-sizing: border-box; margin: 0px 0px 10px; padding-right: 30px; color: rgb(51, 51, 51); line-height: 20px; background-color: rgb(255, 255, 255);">Всі корма проходять тестування на власних тваринах та птиці, і лише після покращення показників поступають у продаж.</li>\r\n	<li style="box-sizing: border-box; margin: 0px 0px 10px; padding-right: 30px; color: rgb(51, 51, 51); line-height: 20px; background-color: rgb(255, 255, 255);">Якість сировини і готової продукції постійно контролюється власною, акредитованою лабораторією і підтверджуються органами держстандартів.</li>\r\n	<li style="box-sizing: border-box; margin: 0px 0px 10px; padding-right: 30px; color: rgb(51, 51, 51); line-height: 20px; background-color: rgb(255, 255, 255);">Наявна можливість змінювати рецептуру під показники замовника виготовляти корми по давальницькій схемі.</li>\r\n</ul>\r\n\r\n<p style="box-sizing: border-box; margin: 0px 0px 10px; padding-right: 30px; color: rgb(51, 51, 51); line-height: 20px; background-color: rgb(255, 255, 255);"><br />\r\n<strong>Асортимент комбікормів та концентратів ТМ &quot;Агрокорм&quot; на сьогодні представлений двома лініями:</strong><br />\r\n<br />\r\n1. Лінія &quot;Оптимум&quot; - для невеликих господарств та населення, фасується у паперові брендові мішки по 10 та 25 кг (з вказанням торгової марки, інформації про виробника), окремі позиції &ndash; у 40-кілограмові поліпропіленові мішки.</p>\r\n', '', NULL, 9, 'kormi', '2014-06-24 11:02:44', '2014-07-04 09:56:13', 0, 3),
(3, 'ПЕРЕРОБКА ОЛІЙНИХ КУЛЬТУР', '<p><img alt="" class="img-full " src="/themes/agrocorm/images/oil.jpg" style="box-sizing: border-box; border: 0px; vertical-align: middle; color: rgb(51, 51, 51); line-height: 20px; background-color: rgb(255, 255, 255);" /></p>\r\n\r\n<p style="box-sizing: border-box; margin-right: 0px; margin-bottom: 20px; margin-left: 0px; line-height: 20px; color: rgb(51, 51, 51); background-color: rgb(255, 255, 255);"><strong>На початку 2012 року на базі підприємства було запущено у роботу&nbsp;цех по переробці олійних культур&nbsp;(соняшник та ріпак). З цього моменту виробництво олії та інших продуктів переробки олійних культур стало важливою складовою діяльності підприємства.</strong></p>\r\n\r\n<p>Олійний цех оснащений найсучаснішим обладнанням провідних світових виробників, зокрема, фірми &laquo;Farmet&raquo; (Чехія),потужністю 82 тон сировини в добу.</p>\r\n\r\n<p>Лінія виробництва повністю автоматизована, що дозволяє до мінімуму звести втручання людини у виробництво, і що дуже важливо, безвідходна. Особливості виробничого процесу &ndash; у двократному гарячому пресуванні соняшника &nbsp;та ріпака.</p>\r\n\r\n<p style="box-sizing: border-box; margin: 0px 0px 20px; line-height: 20px; color: rgb(51, 51, 51); background-color: rgb(255, 255, 255);">Виробничі потужності олійного цеху дають можливість переробляти до 80 тон соняшнику чи ріпаку щодня, в результаті чого виробляється до 30 тон олії.</p>\r\n', '<p><strong>Кінцевими продуктами виробництва олійного цеху є:</strong></p>\r\n\r\n<ul>\r\n	<li>Олія ріпакова нерафінована&nbsp; першого віджиму ( СТБ 1486-2004</li>\r\n	<li>Олія соняшникова&nbsp; нерафінована&nbsp; першого&nbsp; віджиму ( ГОСТ 1129-93)</li>\r\n	<li>Макуха ріпакова (ГОСТ 11048-95)</li>\r\n	<li>Макуха соняшникова(ГОСТ 80-96)</li>\r\n	<li>Пелети з соняшникового лушпиння гранульовані діаметром 8мм</li>\r\n</ul>\r\n\r\n<p>Основні продукти нашого виробництва (олія та макуха) використовуються як сировина для виробництва комбікормів на Турійському комбікормовому заводі. Крім цього, значна частина продуктів виробництва олійного цеху реалізується на експорт.</p>\r\n\r\n<p>Олія ріпакова затребувана на українському ринку та реалізується як на харчові цілі, так і для виготовлення біодизельного пального.</p>\r\n\r\n<p>Олія соняшникова використовується на харчові цілі маргаринових заводів, на виготовлення комбікормів для тварин.</p>\r\n\r\n<p>Макуха ріпакова та соняшникова&nbsp; у великих кількостях застосовується для виготовлення комбікормів для тварин.</p>\r\n\r\n<p>Біопелети з соняшникового лушпиння мають попит на багатьох електростанціях та підприємствах.</p>\r\n\r\n<p>Постійними партнерами нашого підприємства є великі компанії &nbsp;з Польші (&laquo;Глінкор&raquo;, &laquo;Бєльмар&raquo;, &laquo;Агрокорн&raquo;, &laquo;Сіло-Пол&raquo;, &laquo;Віст&raquo;),Прибалтики( &laquo;Йонішкіо&raquo;, &laquo;Лінас-Агро&raquo;, &laquo;Імлітекс&raquo;,&laquo;Кауно-грудай&raquo;, &laquo;Єврокорма&raquo;, &laquo;Петроактив&raquo;,Австрії (&laquo;Мюнзер&raquo;), Чехії (&laquo;Агропартнер&raquo;), а також Білорусії.</p>\r\n\r\n<p>Для забезпечення потреб виробництва олійного цеху, ТзОВ &laquo;Агротехніка&raquo; на постійній основі&nbsp;здійснює закупівлю наступних олійних культур:</p>\r\n\r\n<ul>\r\n	<li>соняшник;&nbsp;</li>\r\n	<li>ріпак</li>\r\n</ul>\r\n', '', NULL, 8, 'pererobka_olynih_kultur', '2014-06-26 08:59:50', '2014-06-26 09:05:09', 0, 4),
(4, 'Експорт', '<p>продукцыя експорту</p>\r\n', '', '', NULL, 2, 'eksport', '2014-07-02 10:32:05', '2014-07-02 10:33:54', 0, 1),
(5, 'Импорт', '<p>в</p>\r\n', '<p>в</p>\r\n', '', NULL, 10, 'vnutrshny_rinok', '2014-07-04 10:49:57', '2014-07-04 10:53:00', 0, 2);

-- --------------------------------------------------------

--
-- Структура таблицы `tbl_production_lang`
--

CREATE TABLE IF NOT EXISTS `tbl_production_lang` (
  `id` int(11) NOT NULL AUTO_INCREMENT,
  `lang_id` varchar(6) NOT NULL,
  `production_id` int(11) NOT NULL,
  `l_title` text NOT NULL,
  `l_header` text,
  `l_content` text,
  `l_footer` text,
  PRIMARY KEY (`id`),
  KEY `fk_tbl_production_lang_1` (`production_id`)
) ENGINE=InnoDB  DEFAULT CHARSET=utf8 AUTO_INCREMENT=16 ;

--
-- Дамп данных таблицы `tbl_production_lang`
--

INSERT INTO `tbl_production_lang` (`id`, `lang_id`, `production_id`, `l_title`, `l_header`, `l_content`, `l_footer`) VALUES
(4, 'en', 2, 'Корми', '<p><img alt="" class="img-full " src="/themes/agrocorm/images/feed.jpg" style="box-sizing: border-box; border: 0px; vertical-align: middle; color: rgb(51, 51, 51); line-height: 20px; background-color: rgb(255, 255, 255);" /></p>\r\n\r\n<p style="box-sizing: border-box; margin-right: 0px; margin-bottom: 20px; margin-left: 0px; line-height: 20px; color: rgb(51, 51, 51); background-color: rgb(255, 255, 255);"><span style="box-sizing: border-box; font-weight: 700;">ТзОВ &laquo;Агротехніка&raquo; - частина Агропромислової групи &laquo;Пан Курчак&raquo;. Підприємство займається виробництвом і постачанням повнораціонних комбікормів та концентратів під торговою маркою &laquo;Агрокорм&raquo; для сільськогосподарських тварин, птахів і риби.</span></p>\r\n\r\n<p>Два заводи з високотехнологічним обладнанням і повна автоматизація виробництва дозволяють виготовляти широкий асортимент комбікормів, легко змінюючи рецептуру, вигляд і спосіб пакування.</p>\r\n\r\n<p style="box-sizing: border-box; margin: 0px 0px 20px; line-height: 20px; color: rgb(51, 51, 51); background-color: rgb(255, 255, 255);">Середньомісячна потужність заводів складає 12000 тон гранульованого комбікорму. Заводи оснащені новими високотехнологічними лініями європейського виробництва.Для виробництва використовуються премікси світового лідера з виробництва вітамінів та преміксів компанії DSM. ТзОВ &laquo;Агротехніка&raquo; має прями контракти по закупівлі преміксів у компанії DSM.</p>\r\n', '<p style="box-sizing: border-box; margin: 0px 0px 10px; padding-right: 30px; color: rgb(51, 51, 51); line-height: 20px; background-color: rgb(255, 255, 255);">На сьогодні комбікорми виготовляються в трьох станах: гранулах, крупці, розсипу. На підприємствах компанії постійно проводиться вивчення і впровадження нових компонентів, а також розробляються рецепти, що дозволяють значно покращувати якість і ефективність кормових сумішей.За бажанням клієнтів можна використовувати різні види преміксів , амінокислот тощо для досягнення кращих показників конверсії кормів та концентратів для виробництва кормів.<br />\r\n<br />\r\nЯкість сировини і готової продукції постійно контролюється власною, акредитованою лабораторією, обладнаною сучасними приладами. Результати дослідів, які проводяться персоналом лабораторії, підтверджуються органами держстандартів.<br />\r\n<br />\r\nЗавдяки високим виробничим можливостям і ефективному плануванню, компанія повністю забезпечує комбікормами підприємства Агропромгрупи &laquo;Пан Курчак&raquo;, а також здійснює поставку комбікормової продукції іншим підприємствам галузі. Для населення компанія пропонує комбікорми фасовані по 10, 25, 40 кг.&nbsp;<br />\r\n<br />\r\nДоставка насипних комбікормів здійснюється власним спеціалізованим транспортом вантажопідйомністю від 16 до 32 тон. Використання пневмотехнології при розвантаженні кормів дозволяє звести до мінімуму участь людини.<br />\r\n<br />\r\n<strong>ТзОВ &laquo;Агротехніка&raquo; пропонує:</strong><br />\r\n<br />\r\n1.1. Комбікорм повнораціонний для сільськогосподарських тварин, птахів і риби (розсипний, гранульований, крупка).<br />\r\n1.2. Концентрати.<br />\r\n1.3. Фасовані зернові та білкові суміші (40 кг).<br />\r\n2. Сировину для виробництва комбікормів: премікси, метіонін, треонін, лізин, монокальцій-фосфат та інше.<br />\r\n3. Доставку комбікормів клієнту власним спеціалізованим транспортом вантажопідйомністю від 16 до 32 тон.<br />\r\n<br />\r\n<strong>Наші переваги:</strong></p>\r\n\r\n<ul>\r\n	<li style="box-sizing: border-box; margin: 0px 0px 10px; padding-right: 30px; color: rgb(51, 51, 51); line-height: 20px; background-color: rgb(255, 255, 255);">Заводи оснащені сучасними європейськими лініями.</li>\r\n	<li style="box-sizing: border-box; margin: 0px 0px 10px; padding-right: 30px; color: rgb(51, 51, 51); line-height: 20px; background-color: rgb(255, 255, 255);">Завдяки високим виробничим потужностям, компанія має можливість закуповувати сировину по найнижчим цінам, що позитивно впливає на вартість продукції.</li>\r\n	<li style="box-sizing: border-box; margin: 0px 0px 10px; padding-right: 30px; color: rgb(51, 51, 51); line-height: 20px; background-color: rgb(255, 255, 255);">постійно проводиться вивчення і впровадження нових компонентів, а також розробляються рецепти, що дозволяють значно покращувати якість і ефективність кормових сумішей.</li>\r\n	<li style="box-sizing: border-box; margin: 0px 0px 10px; padding-right: 30px; color: rgb(51, 51, 51); line-height: 20px; background-color: rgb(255, 255, 255);">Всі корма проходять тестування на власних тваринах та птиці, і лише після покращення показників поступають у продаж.</li>\r\n	<li style="box-sizing: border-box; margin: 0px 0px 10px; padding-right: 30px; color: rgb(51, 51, 51); line-height: 20px; background-color: rgb(255, 255, 255);">Якість сировини і готової продукції постійно контролюється власною, акредитованою лабораторією і підтверджуються органами держстандартів.</li>\r\n	<li style="box-sizing: border-box; margin: 0px 0px 10px; padding-right: 30px; color: rgb(51, 51, 51); line-height: 20px; background-color: rgb(255, 255, 255);">Наявна можливість змінювати рецептуру під показники замовника виготовляти корми по давальницькій схемі.</li>\r\n</ul>\r\n\r\n<p style="box-sizing: border-box; margin: 0px 0px 10px; padding-right: 30px; color: rgb(51, 51, 51); line-height: 20px; background-color: rgb(255, 255, 255);"><br />\r\n<strong>Асортимент комбікормів та концентратів ТМ &quot;Агрокорм&quot; на сьогодні представлений двома лініями:</strong><br />\r\n<br />\r\n1. Лінія &quot;Оптимум&quot; - для невеликих господарств та населення, фасується у паперові брендові мішки по 10 та 25 кг (з вказанням торгової марки, інформації про виробника), окремі позиції &ndash; у 40-кілограмові поліпропіленові мішки.</p>\r\n', ''),
(5, 'ru', 2, '', '', '', ''),
(6, 'ua', 2, '', '<p><img alt="" class="img-full " src="/themes/agrocorm/images/feed.jpg" style="box-sizing: border-box; border: 0px; vertical-align: middle; color: rgb(51, 51, 51); line-height: 20px; background-color: rgb(255, 255, 255);" /></p>\r\n\r\n<p style="box-sizing: border-box; margin-right: 0px; margin-bottom: 20px; margin-left: 0px; line-height: 20px; color: rgb(51, 51, 51); background-color: rgb(255, 255, 255);"><span style="box-sizing: border-box; font-weight: 700;">ТзОВ &laquo;Агротехніка&raquo; - частина Агропромислової групи &laquo;Пан Курчак&raquo;. Підприємство займається виробництвом і постачанням повнораціонних комбікормів та концентратів під торговою маркою &laquo;Агрокорм&raquo; для сільськогосподарських тварин, птахів і риби.</span></p>\r\n\r\n<p>Два заводи з високотехнологічним обладнанням і повна автоматизація виробництва дозволяють виготовляти широкий асортимент комбікормів, легко змінюючи рецептуру, вигляд і спосіб пакування.</p>\r\n\r\n<p style="box-sizing: border-box; margin: 0px 0px 20px; line-height: 20px; color: rgb(51, 51, 51); background-color: rgb(255, 255, 255);">Середньомісячна потужність заводів складає 12000 тон гранульованого комбікорму. Заводи оснащені новими високотехнологічними лініями європейського виробництва.Для виробництва використовуються премікси світового лідера з виробництва вітамінів та преміксів компанії DSM. ТзОВ &laquo;Агротехніка&raquo; має прями контракти по закупівлі преміксів у компанії DSM.</p>\r\n', '<p style="box-sizing: border-box; margin: 0px 0px 10px; padding-right: 30px; color: rgb(51, 51, 51); line-height: 20px; background-color: rgb(255, 255, 255);">На сьогодні комбікорми виготовляються в трьох станах: гранулах, крупці, розсипу. На підприємствах компанії постійно проводиться вивчення і впровадження нових компонентів, а також розробляються рецепти, що дозволяють значно покращувати якість і ефективність кормових сумішей.За бажанням клієнтів можна використовувати різні види преміксів , амінокислот тощо для досягнення кращих показників конверсії кормів та концентратів для виробництва кормів.<br />\r\n<br />\r\nЯкість сировини і готової продукції постійно контролюється власною, акредитованою лабораторією, обладнаною сучасними приладами. Результати дослідів, які проводяться персоналом лабораторії, підтверджуються органами держстандартів.<br />\r\n<br />\r\nЗавдяки високим виробничим можливостям і ефективному плануванню, компанія повністю забезпечує комбікормами підприємства Агропромгрупи &laquo;Пан Курчак&raquo;, а також здійснює поставку комбікормової продукції іншим підприємствам галузі. Для населення компанія пропонує комбікорми фасовані по 10, 25, 40 кг.&nbsp;<br />\r\n<br />\r\nДоставка насипних комбікормів здійснюється власним спеціалізованим транспортом вантажопідйомністю від 16 до 32 тон. Використання пневмотехнології при розвантаженні кормів дозволяє звести до мінімуму участь людини.<br />\r\n<br />\r\n<strong>ТзОВ &laquo;Агротехніка&raquo; пропонує:</strong><br />\r\n<br />\r\n1.1. Комбікорм повнораціонний для сільськогосподарських тварин, птахів і риби (розсипний, гранульований, крупка).<br />\r\n1.2. Концентрати.<br />\r\n1.3. Фасовані зернові та білкові суміші (40 кг).<br />\r\n2. Сировину для виробництва комбікормів: премікси, метіонін, треонін, лізин, монокальцій-фосфат та інше.<br />\r\n3. Доставку комбікормів клієнту власним спеціалізованим транспортом вантажопідйомністю від 16 до 32 тон.<br />\r\n<br />\r\n<strong>Наші переваги:</strong></p>\r\n\r\n<ul>\r\n	<li style="box-sizing: border-box; margin: 0px 0px 10px; padding-right: 30px; color: rgb(51, 51, 51); line-height: 20px; background-color: rgb(255, 255, 255);">Заводи оснащені сучасними європейськими лініями.</li>\r\n	<li style="box-sizing: border-box; margin: 0px 0px 10px; padding-right: 30px; color: rgb(51, 51, 51); line-height: 20px; background-color: rgb(255, 255, 255);">Завдяки високим виробничим потужностям, компанія має можливість закуповувати сировину по найнижчим цінам, що позитивно впливає на вартість продукції.</li>\r\n	<li style="box-sizing: border-box; margin: 0px 0px 10px; padding-right: 30px; color: rgb(51, 51, 51); line-height: 20px; background-color: rgb(255, 255, 255);">постійно проводиться вивчення і впровадження нових компонентів, а також розробляються рецепти, що дозволяють значно покращувати якість і ефективність кормових сумішей.</li>\r\n	<li style="box-sizing: border-box; margin: 0px 0px 10px; padding-right: 30px; color: rgb(51, 51, 51); line-height: 20px; background-color: rgb(255, 255, 255);">Всі корма проходять тестування на власних тваринах та птиці, і лише після покращення показників поступають у продаж.</li>\r\n	<li style="box-sizing: border-box; margin: 0px 0px 10px; padding-right: 30px; color: rgb(51, 51, 51); line-height: 20px; background-color: rgb(255, 255, 255);">Якість сировини і готової продукції постійно контролюється власною, акредитованою лабораторією і підтверджуються органами держстандартів.</li>\r\n	<li style="box-sizing: border-box; margin: 0px 0px 10px; padding-right: 30px; color: rgb(51, 51, 51); line-height: 20px; background-color: rgb(255, 255, 255);">Наявна можливість змінювати рецептуру під показники замовника виготовляти корми по давальницькій схемі.</li>\r\n</ul>\r\n\r\n<p style="box-sizing: border-box; margin: 0px 0px 10px; padding-right: 30px; color: rgb(51, 51, 51); line-height: 20px; background-color: rgb(255, 255, 255);"><br />\r\n<strong>Асортимент комбікормів та концентратів ТМ &quot;Агрокорм&quot; на сьогодні представлений двома лініями:</strong><br />\r\n<br />\r\n1. Лінія &quot;Оптимум&quot; - для невеликих господарств та населення, фасується у паперові брендові мішки по 10 та 25 кг (з вказанням торгової марки, інформації про виробника), окремі позиції &ndash; у 40-кілограмові поліпропіленові мішки.</p>\r\n\r\n<p>2. Лінія &quot;Преміум&quot; - для великих тваринницьких господарств та ферм, відвантажується насипом або у поліпропіленовій упаковці по 40 кг.<br />\r\n<br />\r\n<strong>ТзОВ &quot;Агротехніка&quot; пропонує:</strong><br />\r\n<br />\r\n- доставку на склад клієнта при умові укладання додаткової угоди;<br />\r\n- оптимальні фінансові умови співпраці;<br />\r\n- рекламну підтримку для дилерів та партнерів по франчайзингу (включаючи розміщення контактної інформації клієнта на нашому сайті та рекламно-інформаційних матеріалах);<br />\r\n- право на ексклюзивне представництво у регіоні для дилерів в областях України;<br />\r\n- консультування нашими технологами, аналіз сировини клієнта для формування оптимальних рекомендацій по змішуванню для гуртових клієнтів.<br />\r\n<br />\r\n<strong>Також ми готові розглянути Ваші пропозиції по можливому формату співпраці.</strong></p>\r\n', ''),
(7, 'en', 3, 'ПЕРЕРОБКА ОЛІЙНИХ КУЛЬТУР', '<p><img alt="" class="img-full " src="/themes/agrocorm/images/oil.jpg" style="box-sizing: border-box; border: 0px; vertical-align: middle; color: rgb(51, 51, 51); line-height: 20px; background-color: rgb(255, 255, 255);" /></p>\r\n\r\n<p style="box-sizing: border-box; margin-right: 0px; margin-bottom: 20px; margin-left: 0px; line-height: 20px; color: rgb(51, 51, 51); background-color: rgb(255, 255, 255);"><strong>На початку 2012 року на базі підприємства було запущено у роботу&nbsp;цех по переробці олійних культур&nbsp;(соняшник та ріпак). З цього моменту виробництво олії та інших продуктів переробки олійних культур стало важливою складовою діяльності підприємства.</strong></p>\r\n\r\n<p>Олійний цех оснащений найсучаснішим обладнанням провідних світових виробників, зокрема, фірми &laquo;Farmet&raquo; (Чехія),потужністю 82 тон сировини в добу.</p>\r\n\r\n<p>Лінія виробництва повністю автоматизована, що дозволяє до мінімуму звести втручання людини у виробництво, і що дуже важливо, безвідходна. Особливості виробничого процесу &ndash; у двократному гарячому пресуванні соняшника &nbsp;та ріпака.</p>\r\n\r\n<p style="box-sizing: border-box; margin: 0px 0px 20px; line-height: 20px; color: rgb(51, 51, 51); background-color: rgb(255, 255, 255);">Виробничі потужності олійного цеху дають можливість переробляти до 80 тон соняшнику чи ріпаку щодня, в результаті чого виробляється до 30 тон олії.</p>\r\n', '<p><strong>Кінцевими продуктами виробництва олійного цеху є:</strong></p>\r\n\r\n<ul>\r\n	<li>Олія ріпакова нерафінована&nbsp; першого віджиму ( СТБ 1486-2004</li>\r\n	<li>Олія соняшникова&nbsp; нерафінована&nbsp; першого&nbsp; віджиму ( ГОСТ 1129-93)</li>\r\n	<li>Макуха ріпакова (ГОСТ 11048-95)</li>\r\n	<li>Макуха соняшникова(ГОСТ 80-96)</li>\r\n	<li>Пелети з соняшникового лушпиння гранульовані діаметром 8мм</li>\r\n</ul>\r\n\r\n<p>Основні продукти нашого виробництва (олія та макуха) використовуються як сировина для виробництва комбікормів на Турійському комбікормовому заводі. Крім цього, значна частина продуктів виробництва олійного цеху реалізується на експорт.</p>\r\n\r\n<p>Олія ріпакова затребувана на українському ринку та реалізується як на харчові цілі, так і для виготовлення біодизельного пального.</p>\r\n\r\n<p>Олія соняшникова використовується на харчові цілі маргаринових заводів, на виготовлення комбікормів для тварин.</p>\r\n\r\n<p>Макуха ріпакова та соняшникова&nbsp; у великих кількостях застосовується для виготовлення комбікормів для тварин.</p>\r\n\r\n<p>Біопелети з соняшникового лушпиння мають попит на багатьох електростанціях та підприємствах.</p>\r\n\r\n<p>Постійними партнерами нашого підприємства є великі компанії &nbsp;з Польші (&laquo;Глінкор&raquo;, &laquo;Бєльмар&raquo;, &laquo;Агрокорн&raquo;, &laquo;Сіло-Пол&raquo;, &laquo;Віст&raquo;),Прибалтики( &laquo;Йонішкіо&raquo;, &laquo;Лінас-Агро&raquo;, &laquo;Імлітекс&raquo;,&laquo;Кауно-грудай&raquo;, &laquo;Єврокорма&raquo;, &laquo;Петроактив&raquo;,Австрії (&laquo;Мюнзер&raquo;), Чехії (&laquo;Агропартнер&raquo;), а також Білорусії.</p>\r\n\r\n<p>Для забезпечення потреб виробництва олійного цеху, ТзОВ &laquo;Агротехніка&raquo; на постійній основі&nbsp;здійснює закупівлю наступних олійних культур:</p>\r\n\r\n<ul>\r\n	<li>соняшник;&nbsp;</li>\r\n	<li>ріпак</li>\r\n</ul>\r\n', ''),
(8, 'ru', 3, '', '', '', ''),
(9, 'ua', 3, '', '', '', ''),
(10, 'en', 4, 'Експорт', '<p>продукцыя експорту</p>\r\n', '', ''),
(11, 'ru', 4, '', '', '', ''),
(12, 'ua', 4, '', '', '', ''),
(13, 'en', 5, 'Импорт', '<p>в</p>\r\n', '<p>в</p>\r\n', ''),
(14, 'ru', 5, '', '', '', ''),
(15, 'ua', 5, '', '', '', '');

-- --------------------------------------------------------

--
-- Структура таблицы `tbl_production_product`
--

CREATE TABLE IF NOT EXISTS `tbl_production_product` (
  `id` int(11) NOT NULL AUTO_INCREMENT,
  `production_id` int(11) NOT NULL,
  `image` varchar(255) DEFAULT NULL,
  `title` text NOT NULL,
  `header` text,
  `content` text,
  `footer` text,
  `file` varchar(255) DEFAULT NULL,
  `seo_link` text NOT NULL,
  `date_create` datetime NOT NULL,
  `date_update` datetime NOT NULL,
  `status` tinyint(1) NOT NULL DEFAULT '1',
  PRIMARY KEY (`id`),
  KEY `fk_tbl_production_product_1` (`production_id`)
) ENGINE=InnoDB  DEFAULT CHARSET=utf8 AUTO_INCREMENT=4 ;

--
-- Дамп данных таблицы `tbl_production_product`
--

INSERT INTO `tbl_production_product` (`id`, `production_id`, `image`, `title`, `header`, `content`, `footer`, `file`, `seo_link`, `date_create`, `date_update`, `status`) VALUES
(2, 2, NULL, 'd', '<p><strong>Кращі фахівці з експертної логістики ТзОВ &laquo;Агротехніка&raquo; допоможуть вам відправити зернові вантажі по Україні та за кордон. Для цього у нас є всі необхідні важелі та транспорт.</strong></p>\r\n\r\n<p><strong>Пропонуємо послуги:</strong></p>\r\n\r\n<ul>\r\n	<li>оформлення вантажів</li>\r\n	<li>збір та підготовка необхідних документів</li>\r\n	<li>митне декларування</li>\r\n	<li>​відправлення вантажів залізничним та автомобільним транспортом.</li>\r\n</ul>\r\n', '<p>d</p>\r\n', '', NULL, 'd', '2014-06-24 11:09:46', '2014-06-25 19:53:32', 0),
(3, 4, NULL, 'а', '<p>а</p>\r\n', '<p>а</p>\r\n', '', NULL, 'a', '2014-07-02 10:34:19', '2014-07-02 10:41:28', 0);

-- --------------------------------------------------------

--
-- Структура таблицы `tbl_production_product_lang`
--

CREATE TABLE IF NOT EXISTS `tbl_production_product_lang` (
  `id` int(11) NOT NULL AUTO_INCREMENT,
  `lang_id` varchar(6) NOT NULL,
  `production_product_id` int(11) NOT NULL,
  `l_title` text NOT NULL,
  `l_header` text,
  `l_content` text,
  `l_footer` text,
  PRIMARY KEY (`id`),
  KEY `fk_tbl_production_product_lang_1` (`production_product_id`)
) ENGINE=InnoDB  DEFAULT CHARSET=utf8 AUTO_INCREMENT=10 ;

--
-- Дамп данных таблицы `tbl_production_product_lang`
--

INSERT INTO `tbl_production_product_lang` (`id`, `lang_id`, `production_product_id`, `l_title`, `l_header`, `l_content`, `l_footer`) VALUES
(4, 'en', 2, 'd', '<p><strong>Кращі фахівці з експертної логістики ТзОВ &laquo;Агротехніка&raquo; допоможуть вам відправити зернові вантажі по Україні та за кордон. Для цього у нас є всі необхідні важелі та транспорт.</strong></p>\r\n\r\n<p><strong>Пропонуємо послуги:</strong></p>\r\n\r\n<ul>\r\n	<li>оформлення вантажів</li>\r\n	<li>збір та підготовка необхідних документів</li>\r\n	<li>митне декларування</li>\r\n	<li>​відправлення вантажів залізничним та автомобільним транспортом.</li>\r\n</ul>\r\n', '<p>d</p>\r\n', ''),
(5, 'ru', 2, '', '', '', ''),
(6, 'ua', 2, '', '', '', ''),
(7, 'en', 3, 'а', '<p>а</p>\r\n', '<p>а</p>\r\n', ''),
(8, 'ru', 3, '', '', '', ''),
(9, 'ua', 3, '', '', '', '');

-- --------------------------------------------------------

--
-- Структура таблицы `tbl_route`
--

CREATE TABLE IF NOT EXISTS `tbl_route` (
  `id` int(11) NOT NULL AUTO_INCREMENT,
  `name` varchar(255) NOT NULL,
  `current_name` varchar(255) NOT NULL,
  `title` varchar(255) NOT NULL,
  `module` varchar(255) DEFAULT NULL,
  `model` varchar(255) DEFAULT NULL,
  `item_id` int(11) DEFAULT NULL,
  `url` varchar(255) NOT NULL,
  `full_url` varchar(255) NOT NULL,
  `lang_id` int(11) NOT NULL,
  `admin_menu` text,
  `status` tinyint(1) NOT NULL DEFAULT '1',
  `root` int(11) unsigned DEFAULT NULL,
  `lft` int(11) unsigned NOT NULL,
  `rgt` int(11) unsigned NOT NULL,
  `level` smallint(5) unsigned NOT NULL,
  `status_model` tinyint(1) NOT NULL DEFAULT '1',
  PRIMARY KEY (`id`),
  KEY `fk_tbl_route_tbl_language` (`lang_id`)
) ENGINE=InnoDB  DEFAULT CHARSET=utf8 AUTO_INCREMENT=17 ;

--
-- Дамп данных таблицы `tbl_route`
--

INSERT INTO `tbl_route` (`id`, `name`, `current_name`, `title`, `module`, `model`, `item_id`, `url`, `full_url`, `lang_id`, `admin_menu`, `status`, `root`, `lft`, `rgt`, `level`, `status_model`) VALUES
(1, '/page/view', '/page/view', 'Title main page', NULL, 'Page', 1, 'title_main_page', 'title_main_page', 1, '{"can_have_child":1,"is_clone":0,"can_delete":1,"names":{"\\/page\\/view":"\\u041f\\u0440\\u043e\\u0441\\u043c\\u043e\\u0442\\u0440 \\u0441\\u0442\\u0430\\u0442\\u044c\\u0438"},"create_child":{"route":"\\/admin\\/page\\/create","param":"page_id","value":"1"}}', 0, 1, 1, 2, 1, 0),
(3, '/page/view', '/page/view', 'header_link_shop', NULL, 'Page', 3, 'header_link_shop', 'header_link_shop', 1, '{"can_have_child":1,"is_clone":0,"can_delete":1,"names":{"\\/page\\/view":"\\u041f\\u0440\\u043e\\u0441\\u043c\\u043e\\u0442\\u0440 \\u0441\\u0442\\u0430\\u0442\\u044c\\u0438"},"create_child":{"route":"\\/admin\\/page\\/create","param":"page_id","value":"3"}}', 0, 3, 1, 2, 1, 0),
(5, '/page/view', '/page/view', 'footer_copyright', NULL, 'Page', 5, 'footer_copyright', 'footer_copyright', 1, '{"can_have_child":1,"is_clone":0,"can_delete":1,"names":{"\\/page\\/view":"\\u041f\\u0440\\u043e\\u0441\\u043c\\u043e\\u0442\\u0440 \\u0441\\u0442\\u0430\\u0442\\u044c\\u0438"},"create_child":{"route":"\\/admin\\/page\\/create","param":"page_id","value":"5"}}', 0, 5, 1, 2, 1, 0),
(6, '/page/view', '/page/view', 'grafin_footer', NULL, 'Page', 6, 'grafin_footer', 'grafin_footer', 1, '{"can_have_child":1,"is_clone":0,"can_delete":1,"names":{"\\/page\\/view":"\\u041f\\u0440\\u043e\\u0441\\u043c\\u043e\\u0442\\u0440 \\u0441\\u0442\\u0430\\u0442\\u044c\\u0438"},"create_child":{"route":"\\/admin\\/page\\/create","param":"page_id","value":"6"}}', 0, 6, 1, 2, 1, 0),
(9, '/page/view', '/page/view', 'Переваги', NULL, 'Page', 9, 'perevagi', 'perevagi', 1, '{"can_have_child":1,"is_clone":0,"can_delete":1,"names":{"\\/page\\/view":"\\u041f\\u0440\\u043e\\u0441\\u043c\\u043e\\u0442\\u0440 \\u0441\\u0442\\u0430\\u0442\\u044c\\u0438"},"create_child":{"route":"\\/admin\\/page\\/create","param":"page_id","value":"9"}}', 0, 9, 1, 2, 1, 0),
(11, '/page/view', '/page/view', 'footer_history_tree_root', NULL, 'Page', 11, 'footer_history_tree_root', 'footer_history_tree_root', 1, '{"can_have_child":1,"is_clone":0,"can_delete":1,"names":{"\\/page\\/view":"\\u041f\\u0440\\u043e\\u0441\\u043c\\u043e\\u0442\\u0440 \\u0441\\u0442\\u0430\\u0442\\u044c\\u0438"},"create_child":{"route":"\\/admin\\/page\\/create","param":"page_id","value":"11"}}', 0, 11, 1, 2, 1, 0),
(12, '/page/view', '/page/view', 'capacity_header', NULL, 'Page', 12, 'capacity_header', 'capacity_header', 1, '{"can_have_child":1,"is_clone":0,"can_delete":1,"names":{"\\/page\\/view":"\\u041f\\u0440\\u043e\\u0441\\u043c\\u043e\\u0442\\u0440 \\u0441\\u0442\\u0430\\u0442\\u044c\\u0438"},"create_child":{"route":"\\/admin\\/page\\/create","param":"page_id","value":"12"}}', 0, 12, 1, 2, 1, 0),
(13, '/page/view', '/page/view', 'capacity_text', NULL, 'Page', 13, 'capacity_text', 'capacity_text', 1, '{"can_have_child":1,"is_clone":0,"can_delete":1,"names":{"\\/page\\/view":"\\u041f\\u0440\\u043e\\u0441\\u043c\\u043e\\u0442\\u0440 \\u0441\\u0442\\u0430\\u0442\\u044c\\u0438"},"create_child":{"route":"\\/admin\\/page\\/create","param":"page_id","value":"13"}}', 0, 13, 1, 2, 1, 0),
(14, '/services/view', '/services/view', 'ЕКСПОРТНА ЛОГІСТИКА', NULL, 'Services', 2, 'eksportna_logstika', 'eksportna_logstika', 1, '{"can_have_child":1,"is_clone":0,"can_delete":1,"names":{"\\/services\\/view":"\\u041f\\u0440\\u043e\\u0441\\u043c\\u043e\\u0442\\u0440 \\u0441\\u0442\\u0430\\u0442\\u044c\\u0438"},"create_child":{"route":"\\/admin\\/page\\/create","param":"page_id","value":"2"}}', 0, 14, 1, 2, 1, 0),
(15, '/services/view', '/services/view', 'ТРАНСПОРТНІ ПОСЛУГИ', NULL, 'Services', 3, 'transportn_poslugi', 'transportn_poslugi', 1, '{"can_have_child":1,"is_clone":0,"can_delete":1,"names":{"\\/services\\/view":"\\u041f\\u0440\\u043e\\u0441\\u043c\\u043e\\u0442\\u0440 \\u0441\\u0442\\u0430\\u0442\\u044c\\u0438"},"create_child":{"route":"\\/admin\\/page\\/create","param":"page_id","value":"3"}}', 0, 15, 1, 2, 1, 0),
(16, '/services/view', '/services/view', 'ПОСЛУГИ ЕЛЕВАТОРА', NULL, 'Services', 4, 'poslugi_elevatora', 'poslugi_elevatora', 1, '{"can_have_child":1,"is_clone":0,"can_delete":1,"names":{"\\/services\\/view":"\\u041f\\u0440\\u043e\\u0441\\u043c\\u043e\\u0442\\u0440 \\u0441\\u0442\\u0430\\u0442\\u044c\\u0438"},"create_child":{"route":"\\/admin\\/page\\/create","param":"page_id","value":"4"}}', 0, 16, 1, 2, 1, 0);

-- --------------------------------------------------------

--
-- Структура таблицы `tbl_seotext`
--

CREATE TABLE IF NOT EXISTS `tbl_seotext` (
  `id` int(11) NOT NULL AUTO_INCREMENT,
  `page_title` varchar(255) NOT NULL,
  `meta_desc` varchar(255) NOT NULL,
  `meta_keys` varchar(255) NOT NULL,
  `link` varchar(255) NOT NULL,
  `status` tinyint(1) NOT NULL DEFAULT '1',
  PRIMARY KEY (`id`)
) ENGINE=InnoDB  DEFAULT CHARSET=utf8 AUTO_INCREMENT=4 ;

--
-- Дамп данных таблицы `tbl_seotext`
--

INSERT INTO `tbl_seotext` (`id`, `page_title`, `meta_desc`, `meta_keys`, `link`, `status`) VALUES
(1, 'Ahrokorm - production and sale of feed', 'Ahrokorm - production and sale of feed', 'Ahrokorm - production and sale of feed', '/', 1),
(2, 'Агрокорм - производство и реализация кормов', 'Агрокорм - производство и реализация кормов', 'Агрокорм - производство и реализация кормов', '/ru/', 1),
(3, 'Агрокорм – виробництво та реалізація кормів', 'Агрокорм – виробництво та реалізація кормів', 'Агрокорм – виробництво та реалізація кормів', '/ua/', 1);

-- --------------------------------------------------------

--
-- Структура таблицы `tbl_services`
--

CREATE TABLE IF NOT EXISTS `tbl_services` (
  `id` int(11) NOT NULL AUTO_INCREMENT,
  `title` text NOT NULL,
  `header` text,
  `content` text,
  `footer` text,
  `file` varchar(255) DEFAULT NULL,
  `manager_id` int(11) NOT NULL,
  `seo_link` text NOT NULL,
  `date_create` datetime NOT NULL,
  `date_update` datetime NOT NULL,
  `status` tinyint(1) NOT NULL DEFAULT '0',
  PRIMARY KEY (`id`),
  KEY `fk_tbl_services_1` (`manager_id`)
) ENGINE=InnoDB  DEFAULT CHARSET=utf8 AUTO_INCREMENT=5 ;

--
-- Дамп данных таблицы `tbl_services`
--

INSERT INTO `tbl_services` (`id`, `title`, `header`, `content`, `footer`, `file`, `manager_id`, `seo_link`, `date_create`, `date_update`, `status`) VALUES
(2, 'ЕКСПОРТНА ЛОГІСТИКА', '<p><strong>Кращі фахівці з експертної логістики ТзОВ &laquo;Агротехніка&raquo; допоможуть вам відправити зернові вантажі по Україні та за кордон. Для цього у нас є всі необхідні важелі та транспорт.</strong></p>\r\n\r\n<p><strong>Пропонуємо послуги:</strong></p>\r\n\r\n<ul>\r\n	<li>оформлення вантажів</li>\r\n	<li>збір та підготовка необхідних документів</li>\r\n	<li>митне декларування</li>\r\n	<li>​відправлення вантажів залізничним та автомобільним транспортом.</li>\r\n</ul>\r\n', '<p><img alt="" class="img-full" src="/themes/agrocorm/images/logistic.jpg" /></p>\r\n\r\n<p><strong>Перевезення зернових вантажів здійснюється по Україні та закордон автомобільним та залізничним транспортом.</strong></p>\r\n\r\n<p>Ми пропонуємо індивідуальний підхід до кожного клієнта та пошук найкращих умов для транспортування вантажів на внутрішньому та зовнішньому ринку.</p>\r\n\r\n<p>Вантажі по Україні можна транспортувати двома способами &ndash; залізницею та зерновозами. Вантажі на експорт відправляються лише автомобільним транспортом.</p>\r\n\r\n<p><strong>Запрошуємо до співпраці!</strong></p>\r\n', '', '539ad947e5608.xls', 2, 'eksportna_logstika', '2014-06-13 13:23:58', '2014-06-23 20:11:44', 0),
(3, 'ТРАНСПОРТНІ ПОСЛУГИ', '', '', '', '539adf402a53b.xls', 3, 'transportn_poslugi', '2014-06-13 14:23:44', '2014-06-24 11:27:47', 0),
(4, 'ПОСЛУГИ ЕЛЕВАТОРА', '<p><strong>Зберігання та доведення продукції до товарної кондиції Наявність власного зерносушильного комплексу у смт. Локачі дає можливість ТзОВ &laquo;Агротехніка&raquo; приймати сільськогосподарську продукцію з підвищеними показниками вологості, смітної та зернової домішок та доводити її до товарних кондицій.</strong></p>\r\n\r\n<p>Доведення зерна до товарної кондиції проходить з дотриманням норм держстандарту в двох стадіях: &ndash;&nbsp;<strong>сушіння та очистка</strong>.</p>\r\n', '<p><img alt="" class="img-full size" src="/assets/7ea78960/elfinder/php/../files/elevator.jpg" /></p>\r\n\r\n<p><strong>Сушіння</strong></p>\r\n\r\n<p>Одним із найважливіших показників якості насіння є його вологість. Якщо вологість насіння є вищою за стандартну, то необхідним є її зниження до відповідних нормативів за допомогою сушіння з метою запобігання втрати посівних кондицій.</p>\r\n\r\n<p><strong>Очистка</strong></p>\r\n\r\n<p>Процес очистки насіння відбувається в декілька стадій. Для цього спочатку використовуються машини первинної та вторинної очистки, які видаляють дрібне насіння, насіння бур&#39;янів та рослинні рештки. Потім в трієрному блоці відсортовуються довгі та короткі домішки та насіння далі попадає на пневмостіл, де відбувається його сортування за питомою вагою.</p>\r\n\r\n<p>Обробка насіння здійснюється на обладнанні фірми <strong>Mathews company</strong> - одного із світових лідерів у сфері очисної техніки. <strong>Зерносушарки MC-1195</strong>, та нова збудована у 2012 році <strong>UGT-6413</strong>, виробництва США універсальні.</p>\r\n\r\n<p>Оригінальна конструкція і спосіб сушіння дозволили об&#39;єднати в ній всі кращі параметри, як прямоточних, так і циркуляційних сушарок. Установка призначена для сушіння насіннєвого, продовольчого і фуражного зерна або насіння сільськогосподарських культур продовольчого, або технічного призначення з вихідною вологістю до 45%. Обладнання заводу дозволяє отримувати на виході насіннєвий матеріал найвищої якості без будь-яких дефектів. Загальна кількість оброблених зернових культур сягає <strong>понад 30 тисяч тонн на рік</strong>.</p>\r\n\r\n<p><strong>Середньодобова потужність переробки зерна:</strong></p>\r\n\r\n<ul>\r\n	<li>кукурудза до 800 тон при вологості 30%;</li>\r\n	<li>шениця до 1000 тон при вологості 20%;</li>\r\n	<li>сої до 350 тон при вологості 17% ;</li>\r\n	<li>​ріпаку до 300 тон при вологості 16%.</li>\r\n</ul>\r\n\r\n<p>Зберігається вже доведене до кондиції зерно на елеваторах ТзОВ &laquo;Агротехніка&raquo;, що розташовані в смт. Турійськ та смт.Локачі Волинської обл., відповідно до встановлених вимог, забезпечуючи належну якість сільськогосподарської продукції.</p>\r\n\r\n<p>Окрім цього, продовжуючи діяльність в напрямку збільшення власних можливостей із приймання та зберігання зерна, сьогодні компанія активно займається будівництвом нового сучасного елеваторного комплексу.</p>\r\n', '', NULL, 4, 'poslugi_elevatora', '2014-06-13 14:33:49', '2014-07-04 10:04:27', 0);

-- --------------------------------------------------------

--
-- Структура таблицы `tbl_services_lang`
--

CREATE TABLE IF NOT EXISTS `tbl_services_lang` (
  `id` int(11) NOT NULL AUTO_INCREMENT,
  `lang_id` varchar(6) NOT NULL,
  `services_id` int(11) NOT NULL,
  `l_title` text NOT NULL,
  `l_header` text,
  `l_content` text,
  `l_footer` text,
  PRIMARY KEY (`id`),
  KEY `fk_tbl_services_lang_1` (`services_id`)
) ENGINE=InnoDB  DEFAULT CHARSET=utf8 AUTO_INCREMENT=17 ;

--
-- Дамп данных таблицы `tbl_services_lang`
--

INSERT INTO `tbl_services_lang` (`id`, `lang_id`, `services_id`, `l_title`, `l_header`, `l_content`, `l_footer`) VALUES
(5, 'en', 2, 'ЕКСПОРТНА ЛОГІСТИКА', '<p><strong>Кращі фахівці з експертної логістики ТзОВ &laquo;Агротехніка&raquo; допоможуть вам відправити зернові вантажі по Україні та за кордон. Для цього у нас є всі необхідні важелі та транспорт.</strong></p>\r\n\r\n<p><strong>Пропонуємо послуги:</strong></p>\r\n\r\n<ul>\r\n	<li>оформлення вантажів</li>\r\n	<li>збір та підготовка необхідних документів</li>\r\n	<li>митне декларування</li>\r\n	<li>​відправлення вантажів залізничним та автомобільним транспортом.</li>\r\n</ul>\r\n', '<p><img alt="" class="img-full" src="/themes/agrocorm/images/logistic.jpg" /></p>\r\n\r\n<p><strong>Перевезення зернових вантажів здійснюється по Україні та закордон автомобільним та залізничним транспортом.</strong></p>\r\n\r\n<p>Ми пропонуємо індивідуальний підхід до кожного клієнта та пошук найкращих умов для транспортування вантажів на внутрішньому та зовнішньому ринку.</p>\r\n\r\n<p>Вантажі по Україні можна транспортувати двома способами &ndash; залізницею та зерновозами. Вантажі на експорт відправляються лише автомобільним транспортом.</p>\r\n\r\n<p><strong>Запрошуємо до співпраці!</strong></p>\r\n', ''),
(6, 'ru', 2, '', '', '', ''),
(7, 'ua', 2, '', '', '', ''),
(8, 'pl', 2, '', '', '', ''),
(9, 'en', 3, 'ТРАНСПОРТНІ ПОСЛУГИ', '', '', ''),
(10, 'ru', 3, '', '', '', ''),
(11, 'ua', 3, 'Транспортні послуги', '<p><strong>ТзОВ &laquo;Агротехніка&raquo; орієнтована на використання власного автотранспорту та логістичної системи для здійснення усіх видів автомобільних перевезень, пов&rsquo;язаних з діяльністю підприємства.</strong></p>\r\n\r\n<p>Разом з тим, автотранспортне господарство ТзОВ &laquo;Агротехніка&raquo; надає транспортні послуги для сільгоспвиробників та аграрних компаній.</p>\r\n', '<p><img alt="" class="img-full" src="/themes/agrocorm/images/transport.jpg" /></p>\r\n\r\n<p><strong>Вантажний автопарк компанії включає:</strong></p>\r\n\r\n<p>&nbsp;</p>\r\n\r\n<p><strong>7 комбікормовозів </strong>для швидкого перевезення від 16 &mdash; 24 тонн продукції та сировини на міжпідприємницькому рівні;<br />\r\n​<strong>17 зерновозів вантажопідйомністю 25 &ndash; 35 тонн для перевезення зернових та олійних культур, а також фасованого комбікорму та сировини на піддонах ;</strong><br />\r\n<strong>1 вантажний фургон </strong>вантажопідйомністю 3,7 тонни;<br />\r\n<strong>1 олійна цистерна</strong> вантажопідйомністю 22 тонни для перевезення олії.</p>\r\n\r\n<p>&nbsp;</p>\r\n\r\n<p><strong>За 2012 рік транспортним відділом компанії були забезпечені перевезення:</strong></p>\r\n\r\n<ul>\r\n	<li>зерновозами- 92031, 518 тон продукції;</li>\r\n	<li>​комбікормовозами- 56408, 214 тон.</li>\r\n</ul>\r\n\r\n<p>ТзОВ &laquo;Агротехніка&raquo; зацікавлена в налагодженні постійної співпраці із транспортними та транспортно-експедиційними компаніями, які забезпечують доставку вантажу у будь-яку точку України та за кордон, оскільки досить часто компанія має потребу у залученні додаткових автомобілів для вантажних перевезень у вищезгаданих напрямках.</p>\r\n', ''),
(12, 'pl', 3, '', '', '', ''),
(13, 'en', 4, 'ПОСЛУГИ ЕЛЕВАТОРА', '<p><strong>Зберігання та доведення продукції до товарної кондиції Наявність власного зерносушильного комплексу у смт. Локачі дає можливість ТзОВ &laquo;Агротехніка&raquo; приймати сільськогосподарську продукцію з підвищеними показниками вологості, смітної та зернової домішок та доводити її до товарних кондицій.</strong></p>\r\n\r\n<p>Доведення зерна до товарної кондиції проходить з дотриманням норм держстандарту в двох стадіях: &ndash;&nbsp;<strong>сушіння та очистка</strong>.</p>\r\n', '<p><img alt="" class="img-full size" src="/assets/7ea78960/elfinder/php/../files/elevator.jpg" /></p>\r\n\r\n<p><strong>Сушіння</strong></p>\r\n\r\n<p>Одним із найважливіших показників якості насіння є його вологість. Якщо вологість насіння є вищою за стандартну, то необхідним є її зниження до відповідних нормативів за допомогою сушіння з метою запобігання втрати посівних кондицій.</p>\r\n\r\n<p><strong>Очистка</strong></p>\r\n\r\n<p>Процес очистки насіння відбувається в декілька стадій. Для цього спочатку використовуються машини первинної та вторинної очистки, які видаляють дрібне насіння, насіння бур&#39;янів та рослинні рештки. Потім в трієрному блоці відсортовуються довгі та короткі домішки та насіння далі попадає на пневмостіл, де відбувається його сортування за питомою вагою.</p>\r\n\r\n<p>Обробка насіння здійснюється на обладнанні фірми <strong>Mathews company</strong> - одного із світових лідерів у сфері очисної техніки. <strong>Зерносушарки MC-1195</strong>, та нова збудована у 2012 році <strong>UGT-6413</strong>, виробництва США універсальні.</p>\r\n\r\n<p>Оригінальна конструкція і спосіб сушіння дозволили об&#39;єднати в ній всі кращі параметри, як прямоточних, так і циркуляційних сушарок. Установка призначена для сушіння насіннєвого, продовольчого і фуражного зерна або насіння сільськогосподарських культур продовольчого, або технічного призначення з вихідною вологістю до 45%. Обладнання заводу дозволяє отримувати на виході насіннєвий матеріал найвищої якості без будь-яких дефектів. Загальна кількість оброблених зернових культур сягає <strong>понад 30 тисяч тонн на рік</strong>.</p>\r\n\r\n<p><strong>Середньодобова потужність переробки зерна:</strong></p>\r\n\r\n<ul>\r\n	<li>кукурудза до 800 тон при вологості 30%;</li>\r\n	<li>шениця до 1000 тон при вологості 20%;</li>\r\n	<li>сої до 350 тон при вологості 17% ;</li>\r\n	<li>​ріпаку до 300 тон при вологості 16%.</li>\r\n</ul>\r\n\r\n<p>Зберігається вже доведене до кондиції зерно на елеваторах ТзОВ &laquo;Агротехніка&raquo;, що розташовані в смт. Турійськ та смт.Локачі Волинської обл., відповідно до встановлених вимог, забезпечуючи належну якість сільськогосподарської продукції.</p>\r\n\r\n<p>Окрім цього, продовжуючи діяльність в напрямку збільшення власних можливостей із приймання та зберігання зерна, сьогодні компанія активно займається будівництвом нового сучасного елеваторного комплексу.</p>\r\n', ''),
(14, 'ru', 4, '', '', '', ''),
(15, 'ua', 4, '', '', '', ''),
(16, 'pl', 4, '', '', '', '');

-- --------------------------------------------------------

--
-- Структура таблицы `tbl_setting`
--

CREATE TABLE IF NOT EXISTS `tbl_setting` (
  `id` int(11) NOT NULL AUTO_INCREMENT,
  `key` varchar(100) NOT NULL,
  `title` varchar(255) DEFAULT NULL,
  `value` text NOT NULL,
  PRIMARY KEY (`id`)
) ENGINE=InnoDB  DEFAULT CHARSET=utf8 AUTO_INCREMENT=3 ;

--
-- Дамп данных таблицы `tbl_setting`
--

INSERT INTO `tbl_setting` (`id`, `key`, `title`, `value`) VALUES
(1, 'blog_subscribe_email_title', 'title for subscribers new blog entry', '<p>New blog entry</p>\r\n'),
(2, 'blog_subscribe_email_text', 'Blog subscribe email text', '<p>To view the recording, go to</p>\r\n');

-- --------------------------------------------------------

--
-- Структура таблицы `tbl_setting_lang`
--

CREATE TABLE IF NOT EXISTS `tbl_setting_lang` (
  `id` int(11) NOT NULL AUTO_INCREMENT,
  `setting_id` int(11) NOT NULL,
  `lang_id` varchar(6) NOT NULL,
  `l_title` varchar(255) NOT NULL,
  `l_value` text NOT NULL,
  PRIMARY KEY (`id`)
) ENGINE=InnoDB  DEFAULT CHARSET=utf8 AUTO_INCREMENT=5 ;

--
-- Дамп данных таблицы `tbl_setting_lang`
--

INSERT INTO `tbl_setting_lang` (`id`, `setting_id`, `lang_id`, `l_title`, `l_value`) VALUES
(1, 1, 'en', 'title for subscribers new blog entry', '<p>New blog entry</p>\r\n'),
(2, 1, 'ru', 'заголовок для подписчиков новая запись в блоге', '<p>Новая запись в блоге</p>\r\n'),
(3, 2, 'en', 'Blog subscribe email text', '<p>To view the recording, go to</p>\r\n'),
(4, 2, 'ru', 'Текст сообщения для подписчиков на блог', '<p>Для просмотра записи перейдите по ссылке&nbsp;</p>\r\n');

-- --------------------------------------------------------

--
-- Структура таблицы `tbl_skype`
--

CREATE TABLE IF NOT EXISTS `tbl_skype` (
  `id` int(11) NOT NULL AUTO_INCREMENT,
  `_id` varchar(128) DEFAULT NULL,
  `place_id` int(11) NOT NULL,
  `value` text,
  `permalink` text,
  `position` int(11) DEFAULT NULL,
  `status` tinyint(1) NOT NULL DEFAULT '1',
  PRIMARY KEY (`id`),
  KEY `fk_tbl_skype_place_1` (`place_id`)
) ENGINE=InnoDB DEFAULT CHARSET=utf8 AUTO_INCREMENT=1 ;

-- --------------------------------------------------------

--
-- Структура таблицы `tbl_slider`
--

CREATE TABLE IF NOT EXISTS `tbl_slider` (
  `id` int(11) NOT NULL AUTO_INCREMENT,
  `date_create` datetime NOT NULL,
  `seo_link` text NOT NULL,
  `title` text,
  `image` varchar(255) NOT NULL,
  `date_public` datetime NOT NULL,
  `status` tinyint(1) NOT NULL DEFAULT '1',
  PRIMARY KEY (`id`)
) ENGINE=InnoDB  DEFAULT CHARSET=utf8 AUTO_INCREMENT=5 ;

--
-- Дамп данных таблицы `tbl_slider`
--

INSERT INTO `tbl_slider` (`id`, `date_create`, `seo_link`, `title`, `image`, `date_public`, `status`) VALUES
(1, '2014-06-12 16:21:59', '5399a97705baajpg', NULL, '5399a97705baa.jpg', '2014-06-12 16:21:59', 1),
(2, '2014-06-12 16:25:25', '1', NULL, '5399aa458386f.jpg', '2014-06-12 16:25:25', 1),
(3, '2014-06-12 16:25:40', '', NULL, '5399aa541ecce.jpg', '2014-06-12 16:25:40', 1),
(4, '2014-06-12 16:25:47', '12', NULL, '5399aa5b2abd6.jpg', '2014-06-12 16:25:47', 1);

-- --------------------------------------------------------

--
-- Структура таблицы `tbl_slider_lang`
--

CREATE TABLE IF NOT EXISTS `tbl_slider_lang` (
  `id` int(11) NOT NULL AUTO_INCREMENT,
  `lang_id` varchar(6) NOT NULL,
  `slider_id` int(11) NOT NULL,
  `l_title` text NOT NULL,
  PRIMARY KEY (`id`),
  KEY `fk_tbl_slider_lang_1` (`slider_id`)
) ENGINE=InnoDB  DEFAULT CHARSET=utf8 AUTO_INCREMENT=17 ;

--
-- Дамп данных таблицы `tbl_slider_lang`
--

INSERT INTO `tbl_slider_lang` (`id`, `lang_id`, `slider_id`, `l_title`) VALUES
(1, 'en', 1, ''),
(2, 'ru', 1, ''),
(3, 'ua', 1, ''),
(4, 'pl', 1, ''),
(5, 'en', 2, ''),
(6, 'ru', 2, ''),
(7, 'ua', 2, ''),
(8, 'pl', 2, ''),
(9, 'en', 3, ''),
(10, 'ru', 3, ''),
(11, 'ua', 3, ''),
(12, 'pl', 3, ''),
(13, 'en', 4, ''),
(14, 'ru', 4, ''),
(15, 'ua', 4, ''),
(16, 'pl', 4, '');

-- --------------------------------------------------------

--
-- Структура таблицы `tbl_social_network_link`
--

CREATE TABLE IF NOT EXISTS `tbl_social_network_link` (
  `id` int(11) NOT NULL AUTO_INCREMENT,
  `name` varchar(128) NOT NULL,
  `link` varchar(255) NOT NULL,
  `css_class` varchar(100) NOT NULL,
  `status` tinyint(1) NOT NULL DEFAULT '1',
  PRIMARY KEY (`id`)
) ENGINE=InnoDB  DEFAULT CHARSET=utf8 AUTO_INCREMENT=8 ;

--
-- Дамп данных таблицы `tbl_social_network_link`
--

INSERT INTO `tbl_social_network_link` (`id`, `name`, `link`, `css_class`, `status`) VALUES
(1, 'twitter', '#', 'tweet', 1),
(2, 'vk', 'http://vk.com/amivi', 'vk', 1),
(3, 'fc', '#', 'face', 1),
(6, 'mail', '#', 'mail', 0),
(7, 'odn', '#', 'odn', 0);

-- --------------------------------------------------------

--
-- Структура таблицы `tbl_social_network_user`
--

CREATE TABLE IF NOT EXISTS `tbl_social_network_user` (
  `id` int(11) NOT NULL AUTO_INCREMENT,
  `network_id` varchar(45) NOT NULL,
  `social_network_user_id` varchar(100) NOT NULL,
  `username` varchar(255) DEFAULT NULL,
  `user_id` int(11) NOT NULL,
  PRIMARY KEY (`id`),
  KEY `fk_tbl_social_network_user_tbl_user` (`user_id`)
) ENGINE=InnoDB DEFAULT CHARSET=utf8 AUTO_INCREMENT=1 ;

-- --------------------------------------------------------

--
-- Структура таблицы `tbl_user`
--

CREATE TABLE IF NOT EXISTS `tbl_user` (
  `id` int(11) NOT NULL AUTO_INCREMENT,
  `username` varchar(255) NOT NULL,
  `email` varchar(255) DEFAULT NULL,
  `password` varchar(40) NOT NULL,
  `salt` varchar(32) NOT NULL,
  `name` varchar(255) NOT NULL,
  `reg_date` timestamp NOT NULL DEFAULT CURRENT_TIMESTAMP ON UPDATE CURRENT_TIMESTAMP,
  `activation_code` varchar(32) DEFAULT NULL,
  `role` varchar(128) NOT NULL DEFAULT 'user',
  `status` tinyint(1) NOT NULL DEFAULT '0',
  `balance` decimal(10,2) NOT NULL DEFAULT '0.00',
  `bonuses` decimal(10,2) NOT NULL DEFAULT '0.00',
  `last_activity` timestamp NULL DEFAULT NULL,
  PRIMARY KEY (`id`)
) ENGINE=InnoDB  DEFAULT CHARSET=utf8 AUTO_INCREMENT=51 ;

--
-- Дамп данных таблицы `tbl_user`
--

INSERT INTO `tbl_user` (`id`, `username`, `email`, `password`, `salt`, `name`, `reg_date`, `activation_code`, `role`, `status`, `balance`, `bonuses`, `last_activity`) VALUES
(1, 'Peter Stasiuk', 'peter@web-logic.biz', '0867f6dab4da58648ded26a85b1bd2bc936ab656', 'EMr3bCq2jK', 'Administrator', '2014-04-07 12:34:38', NULL, 'user', 1, 32251.36, 119.00, '2014-04-07 12:34:38'),
(50, 'admin', 'admin@web-logic.biz', 'd42f570b10c2bb1e10018d0e26fbd8b27527139c', 'V4OjBoiQ39', '', '2014-07-07 17:00:45', NULL, 'admin', 1, 0.00, 0.00, '2014-07-07 17:00:45');

-- --------------------------------------------------------

--
-- Структура таблицы `tbl_widget`
--

CREATE TABLE IF NOT EXISTS `tbl_widget` (
  `id` int(11) NOT NULL AUTO_INCREMENT,
  `name` varchar(125) NOT NULL,
  `title` varchar(125) NOT NULL,
  `description` varchar(255) NOT NULL,
  `content` text,
  `version` varchar(45) NOT NULL,
  `author_name` varchar(125) NOT NULL,
  `author_url` varchar(125) NOT NULL,
  `author_email` varchar(125) NOT NULL,
  `options` text,
  `status` tinyint(1) DEFAULT '1',
  `parent_id` int(11) DEFAULT NULL,
  `type` tinyint(1) DEFAULT '1',
  `is_cached` tinyint(1) DEFAULT '1',
  `cache_time` int(11) DEFAULT NULL,
  `order` int(11) DEFAULT NULL,
  `position` varchar(125) DEFAULT NULL,
  `layout` varchar(125) DEFAULT NULL,
  `module` varchar(125) DEFAULT NULL,
  `controller` varchar(125) DEFAULT NULL,
  `action` varchar(125) DEFAULT NULL,
  `item_id` int(11) DEFAULT NULL,
  PRIMARY KEY (`id`)
) ENGINE=InnoDB  DEFAULT CHARSET=utf8 AUTO_INCREMENT=71 ;

--
-- Дамп данных таблицы `tbl_widget`
--

INSERT INTO `tbl_widget` (`id`, `name`, `title`, `description`, `content`, `version`, `author_name`, `author_url`, `author_email`, `options`, `status`, `parent_id`, `type`, `is_cached`, `cache_time`, `order`, `position`, `layout`, `module`, `controller`, `action`, `item_id`) VALUES
(3, 'SelectLanguageWidget', 'SelectLanguageWidget', 'SelectLanguageWidget', NULL, '0.0.1', 'Web-logic', 'http://web-logic.biz', 'i@web-logic.biz', '[]', 1, NULL, 1, 1, NULL, 2, 'select_language', 'clear', '', '', '', NULL),
(45, 'pageWidget', 'pageWidget', 'Статическая страница', NULL, '0.0.1', 'Web-logic', 'http://web-logic.biz', 'i@web-logic.biz', '{"page":null}', 1, NULL, 1, 1, NULL, NULL, NULL, NULL, NULL, NULL, NULL, NULL),
(47, 'pageWidget', 'pageWidget', 'Статическая страница', NULL, '0.0.1', 'Web-logic', 'http://web-logic.biz', 'i@web-logic.biz', '{"page":"3"}', 1, 45, 1, 1, NULL, NULL, 'header_link_shop', 'clear', '', '', '', NULL),
(50, 'MenuWidget', 'Menu', 'Site menu', NULL, '0.0.1', 'Web-logic', 'http://web-logic.biz', 'i@web-logic.biz', '{"menu":"6","ulClass":"nav"}', 1, NULL, 1, 1, NULL, NULL, 'header_menu', 'clear', '', '', '', NULL),
(51, 'MenuWidget', 'Menu', 'Site menu', NULL, '0.0.1', 'Web-logic', 'http://web-logic.biz', 'i@web-logic.biz', '{"menu":"23","ulClass":""}', 1, 50, 1, 1, NULL, NULL, 'company_footer_menu', 'clear', '', '', '', NULL),
(52, 'MenuWidget', 'Menu', 'Site menu', NULL, '0.0.1', 'Web-logic', 'http://web-logic.biz', 'i@web-logic.biz', '{"menu":"30","ulClass":""}', 1, 50, 1, 1, NULL, NULL, 'services_footer_menu', 'clear', '', '', '', NULL),
(53, 'MenuWidget', 'Menu', 'Site menu', NULL, '0.0.1', 'Web-logic', 'http://web-logic.biz', 'i@web-logic.biz', '{"menu":"34","ulClass":""}', 1, 50, 1, 1, NULL, NULL, 'production_footer_menu', 'clear', '', '', '', NULL),
(54, 'pageWidget', 'pageWidget', 'Статическая страница', NULL, '0.0.1', 'Web-logic', 'http://web-logic.biz', 'i@web-logic.biz', '{"page":"5"}', 1, 45, 1, 1, NULL, NULL, 'footer_copyright', 'clear', '', '', '', NULL),
(55, 'pageWidget', 'pageWidget', 'Статическая страница', NULL, '0.0.1', 'Web-logic', 'http://web-logic.biz', 'i@web-logic.biz', '{"page":"6"}', 1, 45, 1, 1, NULL, NULL, 'grafin_footer', 'clear', '', '', '', NULL),
(57, 'newsWidget', 'newsWidget', 'Отображение последних новостей на главной странице', NULL, '0.0.1', 'Web-logic', 'http://web-logic.biz', 'i@web-logic.biz', '[]', 1, NULL, 1, 1, NULL, NULL, 'main_page_news', 'clear', '', '', '', NULL),
(58, 'adviceWidget', 'adviceWidget', 'Отображение последних советов эксперта на главной странице', NULL, '0.0.1', 'Web-logic', 'http://web-logic.biz', 'i@web-logic.biz', '[]', 1, NULL, 1, 1, NULL, NULL, 'main_page_advice', 'clear', '', '', '', NULL),
(59, 'MenuWidget', 'Menu', 'Site menu', NULL, '0.0.1', 'Web-logic', 'http://web-logic.biz', 'i@web-logic.biz', '{"menu":"37","ulClass":"custom-navigation"}', 1, 50, 1, 1, NULL, NULL, 'custom_navigation', 'clear', '', '', '', NULL),
(61, 'partnerWidget', 'partnerWidget', 'Отображение список партнеров на главной странице', NULL, '0.0.1', 'Web-logic', 'http://web-logic.biz', 'i@web-logic.biz', '[]', 1, NULL, 1, 1, NULL, NULL, 'partner_position', 'clear', '', '', '', NULL),
(62, 'sliderWidget', 'sliderWidget', 'Слайдер на главной странице', NULL, '0.0.1', 'Web-logic', 'http://web-logic.biz', 'i@web-logic.biz', '[]', 1, NULL, 1, 1, NULL, NULL, 'main_slider', 'clear', '', '', '', NULL),
(63, 'MenuWidget', 'Menu', 'Site menu', NULL, '0.0.1', 'Web-logic', 'http://web-logic.biz', 'i@web-logic.biz', '{"menu":"45","ulClass":""}', 1, 50, 1, 1, NULL, NULL, 'fixed_sidebar', 'clear', '', '', '', NULL),
(64, 'pageWidget', 'pageWidget', 'Статическая страница', NULL, '0.0.1', 'Web-logic', 'http://web-logic.biz', 'i@web-logic.biz', '{"page":"11"}', 1, 45, 1, 1, NULL, NULL, 'footer_history_tree_root', 'clear', '', '', '', NULL),
(65, 'pageWidget', 'pageWidget', 'Статическая страница', NULL, '0.0.1', 'Web-logic', 'http://web-logic.biz', 'i@web-logic.biz', '{"page":"12"}', 1, 45, 1, 1, NULL, NULL, 'capacity_header', 'clear', '', '', '', NULL),
(66, 'pageWidget', 'pageWidget', 'Статическая страница', NULL, '0.0.1', 'Web-logic', 'http://web-logic.biz', 'i@web-logic.biz', '{"page":"13"}', 1, 45, 1, 1, NULL, NULL, 'capacity_text', 'clear', '', '', '', NULL),
(67, 'headerContactWidget', 'headerContactWidget', 'Контактная информация в шапке', NULL, '0.0.1', 'Web-logic', 'http://web-logic.biz', 'i@web-logic.biz', '[]', 1, NULL, 1, 1, NULL, NULL, 'contact_header', 'clear', '', '', '', NULL),
(68, 'footerContactWidget', 'footerContactWidget', 'Контактная информация в футере', NULL, '0.0.1', 'Web-logic', 'http://web-logic.biz', 'i@web-logic.biz', '[]', 1, NULL, 1, 1, NULL, NULL, 'contact_footer', 'clear', '', '', '', NULL),
(69, 'sloganWidget', 'sloganWidget', 'Отображение девиза компании в шапке сайта', NULL, '0.0.1', 'Web-logic', 'http://web-logic.biz', 'i@web-logic.biz', '[]', 1, NULL, 1, 1, NULL, NULL, 'slogan_header', 'clear', '', '', '', NULL),
(70, 'importAndExportWidget', 'importAndExportWidget', 'Кнопки Импорт и Експорт на главной странице', NULL, '0.0.1', 'Web-logic', 'http://web-logic.biz', 'i@web-logic.biz', '[]', 1, NULL, 1, 1, NULL, NULL, 'import_and_export', 'clear', '', '', '', NULL);

--
-- Ограничения внешнего ключа сохраненных таблиц
--

--
-- Ограничения внешнего ключа таблицы `tbl_area_lang`
--
ALTER TABLE `tbl_area_lang`
  ADD CONSTRAINT `fk_tbl_area_lang_1` FOREIGN KEY (`area_id`) REFERENCES `tbl_area` (`id`) ON DELETE CASCADE ON UPDATE CASCADE;

--
-- Ограничения внешнего ключа таблицы `tbl_auth_assignment`
--
ALTER TABLE `tbl_auth_assignment`
  ADD CONSTRAINT `fk_tbl_auth_assignment_tbl_auth_item` FOREIGN KEY (`itemname`) REFERENCES `tbl_auth_item` (`name`) ON DELETE CASCADE ON UPDATE CASCADE;

--
-- Ограничения внешнего ключа таблицы `tbl_auth_item_child`
--
ALTER TABLE `tbl_auth_item_child`
  ADD CONSTRAINT `fk_tbl_auth_item_child_tbl_auth_item0` FOREIGN KEY (`parent`) REFERENCES `tbl_auth_item` (`name`) ON DELETE CASCADE ON UPDATE CASCADE,
  ADD CONSTRAINT `fk_tbl_auth_item_child_tbl_auth_item1` FOREIGN KEY (`child`) REFERENCES `tbl_auth_item` (`name`) ON DELETE CASCADE ON UPDATE CASCADE;

--
-- Ограничения внешнего ключа таблицы `tbl_company`
--
ALTER TABLE `tbl_company`
  ADD CONSTRAINT `fk_tbl_company_tbl_manager_1` FOREIGN KEY (`manager_id`) REFERENCES `tbl_manager` (`id`) ON DELETE CASCADE ON UPDATE CASCADE;

--
-- Ограничения внешнего ключа таблицы `tbl_company_lang`
--
ALTER TABLE `tbl_company_lang`
  ADD CONSTRAINT `fk_tbl_company_lang_1` FOREIGN KEY (`company_id`) REFERENCES `tbl_company` (`id`) ON DELETE CASCADE ON UPDATE CASCADE;

--
-- Ограничения внешнего ключа таблицы `tbl_contact`
--
ALTER TABLE `tbl_contact`
  ADD CONSTRAINT `fk_tbl_contact_tbl_manager_1` FOREIGN KEY (`manager_id`) REFERENCES `tbl_manager` (`id`) ON DELETE CASCADE ON UPDATE CASCADE;

--
-- Ограничения внешнего ключа таблицы `tbl_contact_lang`
--
ALTER TABLE `tbl_contact_lang`
  ADD CONSTRAINT `fk_tbl_contact_lang_1` FOREIGN KEY (`contact_id`) REFERENCES `tbl_contact` (`id`) ON DELETE CASCADE ON UPDATE CASCADE;

--
-- Ограничения внешнего ключа таблицы `tbl_copyright_lang`
--
ALTER TABLE `tbl_copyright_lang`
  ADD CONSTRAINT `fk_tbl_copyright_lang` FOREIGN KEY (`copyright_id`) REFERENCES `tbl_copyright` (`id`) ON DELETE CASCADE ON UPDATE CASCADE;

--
-- Ограничения внешнего ключа таблицы `tbl_email`
--
ALTER TABLE `tbl_email`
  ADD CONSTRAINT `fk_tbl_email_place_1` FOREIGN KEY (`place_id`) REFERENCES `tbl_place` (`id`) ON DELETE CASCADE ON UPDATE CASCADE;

--
-- Ограничения внешнего ключа таблицы `tbl_history_lang`
--
ALTER TABLE `tbl_history_lang`
  ADD CONSTRAINT `fk_tbl_history_lang_1` FOREIGN KEY (`history_id`) REFERENCES `tbl_history` (`id`) ON DELETE CASCADE ON UPDATE CASCADE;

--
-- Ограничения внешнего ключа таблицы `tbl_manager`
--
ALTER TABLE `tbl_manager`
  ADD CONSTRAINT `fk_tbl_manager_1` FOREIGN KEY (`category_id`) REFERENCES `tbl_manager_category` (`id`) ON DELETE CASCADE ON UPDATE CASCADE;

--
-- Ограничения внешнего ключа таблицы `tbl_manager_lang`
--
ALTER TABLE `tbl_manager_lang`
  ADD CONSTRAINT `fk_tbl_manager_lang_1` FOREIGN KEY (`manager_id`) REFERENCES `tbl_manager` (`id`) ON DELETE CASCADE ON UPDATE CASCADE;

--
-- Ограничения внешнего ключа таблицы `tbl_manager_phone`
--
ALTER TABLE `tbl_manager_phone`
  ADD CONSTRAINT `fk_tbl_manager_phone_1` FOREIGN KEY (`manager_id`) REFERENCES `tbl_manager` (`id`) ON DELETE CASCADE ON UPDATE CASCADE;

--
-- Ограничения внешнего ключа таблицы `tbl_menu_lang`
--
ALTER TABLE `tbl_menu_lang`
  ADD CONSTRAINT `fk_tbl_menu_lang_tbl_menu` FOREIGN KEY (`menu_id`) REFERENCES `tbl_menu` (`id`) ON DELETE CASCADE ON UPDATE CASCADE;

--
-- Ограничения внешнего ключа таблицы `tbl_meta_data_lang`
--
ALTER TABLE `tbl_meta_data_lang`
  ADD CONSTRAINT `fk_tbl_meta_data_lang_tbl_meta_data` FOREIGN KEY (`data_id`) REFERENCES `tbl_meta_data` (`id`) ON DELETE CASCADE ON UPDATE CASCADE;

--
-- Ограничения внешнего ключа таблицы `tbl_news_lang`
--
ALTER TABLE `tbl_news_lang`
  ADD CONSTRAINT `fk_tbl_news_lang_1` FOREIGN KEY (`news_id`) REFERENCES `tbl_news` (`id`) ON DELETE CASCADE ON UPDATE CASCADE;

--
-- Ограничения внешнего ключа таблицы `tbl_page`
--
ALTER TABLE `tbl_page`
  ADD CONSTRAINT `fk_tbl_page_tbl_user` FOREIGN KEY (`author_id`) REFERENCES `tbl_user` (`id`);

--
-- Ограничения внешнего ключа таблицы `tbl_page_lang`
--
ALTER TABLE `tbl_page_lang`
  ADD CONSTRAINT `fk_tbl_page_lang_tbl_page` FOREIGN KEY (`page_id`) REFERENCES `tbl_page` (`id`) ON DELETE CASCADE ON UPDATE CASCADE;

--
-- Ограничения внешнего ключа таблицы `tbl_partner_lang`
--
ALTER TABLE `tbl_partner_lang`
  ADD CONSTRAINT `fk_tbl_partner_lang_1` FOREIGN KEY (`partner_id`) REFERENCES `tbl_partner` (`id`) ON DELETE CASCADE ON UPDATE CASCADE;

--
-- Ограничения внешнего ключа таблицы `tbl_phone`
--
ALTER TABLE `tbl_phone`
  ADD CONSTRAINT `fk_tbl_phone_place_1` FOREIGN KEY (`place_id`) REFERENCES `tbl_place` (`id`) ON DELETE CASCADE ON UPDATE CASCADE;

--
-- Ограничения внешнего ключа таблицы `tbl_place`
--
ALTER TABLE `tbl_place`
  ADD CONSTRAINT `fk_tbl_place_area_1` FOREIGN KEY (`area_id`) REFERENCES `tbl_area` (`id`) ON DELETE CASCADE ON UPDATE CASCADE;

--
-- Ограничения внешнего ключа таблицы `tbl_place_lang`
--
ALTER TABLE `tbl_place_lang`
  ADD CONSTRAINT `fk_tbl_place_lang_1` FOREIGN KEY (`place_id`) REFERENCES `tbl_place` (`id`) ON DELETE CASCADE ON UPDATE CASCADE;

--
-- Ограничения внешнего ключа таблицы `tbl_power_lang`
--
ALTER TABLE `tbl_power_lang`
  ADD CONSTRAINT `fk_tbl_power_lang_1` FOREIGN KEY (`power_id`) REFERENCES `tbl_power` (`id`) ON DELETE CASCADE ON UPDATE CASCADE;

--
-- Ограничения внешнего ключа таблицы `tbl_production`
--
ALTER TABLE `tbl_production`
  ADD CONSTRAINT `fk_tbl_production_1` FOREIGN KEY (`manager_id`) REFERENCES `tbl_manager` (`id`) ON DELETE CASCADE ON UPDATE CASCADE;

--
-- Ограничения внешнего ключа таблицы `tbl_production_lang`
--
ALTER TABLE `tbl_production_lang`
  ADD CONSTRAINT `fk_tbl_production_lang_1` FOREIGN KEY (`production_id`) REFERENCES `tbl_production` (`id`) ON DELETE CASCADE ON UPDATE CASCADE;

--
-- Ограничения внешнего ключа таблицы `tbl_production_product`
--
ALTER TABLE `tbl_production_product`
  ADD CONSTRAINT `fk_tbl_production_product_1` FOREIGN KEY (`production_id`) REFERENCES `tbl_production` (`id`) ON DELETE CASCADE ON UPDATE CASCADE;

--
-- Ограничения внешнего ключа таблицы `tbl_production_product_lang`
--
ALTER TABLE `tbl_production_product_lang`
  ADD CONSTRAINT `fk_tbl_production_product_lang_1` FOREIGN KEY (`production_product_id`) REFERENCES `tbl_production_product` (`id`) ON DELETE CASCADE ON UPDATE CASCADE;

--
-- Ограничения внешнего ключа таблицы `tbl_route`
--
ALTER TABLE `tbl_route`
  ADD CONSTRAINT `fk_tbl_route_tbl_language` FOREIGN KEY (`lang_id`) REFERENCES `tbl_language` (`id`);

--
-- Ограничения внешнего ключа таблицы `tbl_services`
--
ALTER TABLE `tbl_services`
  ADD CONSTRAINT `fk_tbl_services_1` FOREIGN KEY (`manager_id`) REFERENCES `tbl_manager` (`id`) ON DELETE CASCADE ON UPDATE CASCADE;

--
-- Ограничения внешнего ключа таблицы `tbl_services_lang`
--
ALTER TABLE `tbl_services_lang`
  ADD CONSTRAINT `fk_tbl_services_lang_1` FOREIGN KEY (`services_id`) REFERENCES `tbl_services` (`id`) ON DELETE CASCADE ON UPDATE CASCADE;

--
-- Ограничения внешнего ключа таблицы `tbl_skype`
--
ALTER TABLE `tbl_skype`
  ADD CONSTRAINT `fk_tbl_skype_place_1` FOREIGN KEY (`place_id`) REFERENCES `tbl_place` (`id`) ON DELETE CASCADE ON UPDATE CASCADE;

--
-- Ограничения внешнего ключа таблицы `tbl_slider_lang`
--
ALTER TABLE `tbl_slider_lang`
  ADD CONSTRAINT `fk_tbl_slider_lang_1` FOREIGN KEY (`slider_id`) REFERENCES `tbl_slider` (`id`) ON DELETE CASCADE ON UPDATE CASCADE;

--
-- Ограничения внешнего ключа таблицы `tbl_social_network_user`
--
ALTER TABLE `tbl_social_network_user`
  ADD CONSTRAINT `fk_tbl_social_network_user_tbl_user` FOREIGN KEY (`user_id`) REFERENCES `tbl_user` (`id`);

/*!40101 SET CHARACTER_SET_CLIENT=@OLD_CHARACTER_SET_CLIENT */;
/*!40101 SET CHARACTER_SET_RESULTS=@OLD_CHARACTER_SET_RESULTS */;
/*!40101 SET COLLATION_CONNECTION=@OLD_COLLATION_CONNECTION */;
